﻿{
  "type": "FeatureCollection",
  "features": [
    {
      "type": "Feature",
      "properties": {
        "name": "常熟市",
        "id": "320581"
      },
      "geometry": {
        "type": "MultiPolygon",
        "coordinates": [
          [
            [
              [
                120.746070585938,
                31.832778546875
              ],
              [
                120.782066679688,
                31.8176589179688
              ],
              [
                120.798297148438,
                31.8212966132813
              ],
              [
                120.848541289063,
                31.8057228828125
              ],
              [
                120.887345,
                31.823843
              ],
              [
                120.892535429688,
                31.8190334296875
              ],
              [
                120.920123320313,
                31.7892604804688
              ],
              [
                121.027345,
                31.783843
              ],
              [
                121.063985625,
                31.780483625
              ],
              [
                121.097345,
                31.763843
              ],
              [
                121.05197390625,
                31.70921409375
              ],
              [
                121.041715117188,
                31.6862209296876
              ],
              [
                121.015738554688,
                31.6638430000001
              ],
              [
                121.051363554688,
                31.6331496406251
              ],
              [
                121.002974882813,
                31.5914650703126
              ],
              [
                120.99271609375,
                31.5684719062501
              ],
              [
                120.975738554688,
                31.5538430000001
              ],
              [
                120.998502226563,
                31.5342287421875
              ],
              [
                120.987345,
                31.5038430000001
              ],
              [
                120.971886015625,
                31.496313703125
              ],
              [
                120.932862578125,
                31.5313210273438
              ],
              [
                120.917345,
                31.5243508125
              ],
              [
                120.88873171875,
                31.5372072578125
              ],
              [
                120.8517590625,
                31.5054592109375
              ],
              [
                120.843892851563,
                31.5203932929688
              ],
              [
                120.827345,
                31.523843
              ],
              [
                120.821812773438,
                31.5298122382813
              ],
              [
                120.782877226563,
                31.5282692695313
              ],
              [
                120.762511015625,
                31.5390480781251
              ],
              [
                120.739937773438,
                31.5381520820313
              ],
              [
                120.668746367188,
                31.4891628242188
              ],
              [
                120.612994414063,
                31.5493288398438
              ],
              [
                120.597345,
                31.5438430000001
              ],
              [
                120.59056765625,
                31.5837526679688
              ],
              [
                120.551871367188,
                31.5780348945313
              ],
              [
                120.53298953125,
                31.5963088203125
              ],
              [
                120.593170195313,
                31.6182643867188
              ],
              [
                120.588912382813,
                31.6470607734375
              ],
              [
                120.561519804688,
                31.6582717109375
              ],
              [
                120.565416289063,
                31.6846364570313
              ],
              [
                120.595299101563,
                31.7077028632813
              ],
              [
                120.58170046875,
                31.71819846875
              ],
              [
                120.577345,
                31.723843
              ],
              [
                120.577345,
                31.7338430000001
              ],
              [
                120.587345,
                31.7338430000001
              ],
              [
                120.643194609375,
                31.7201247382813
              ],
              [
                120.68142703125,
                31.7497585273438
              ],
              [
                120.716734648438,
                31.7588185859375
              ],
              [
                120.724586210938,
                31.793843
              ],
              [
                120.71970828125,
                31.8156130195313
              ],
              [
                120.746070585938,
                31.832778546875
              ]
            ]
          ]
        ]
      }
    },
    {
      "type": "Feature",
      "properties": {
        "name": "虎丘区",
        "id": "320505"
      },
      "geometry": {
        "type": "MultiPolygon",
        "coordinates": [
          [
            [
              [
                120.552545195313,
                31.4087331367188
              ],
              [
                120.547345,
                31.373843
              ],
              [
                120.525733671875,
                31.3629103828126
              ],
              [
                120.553985625,
                31.3304836250001
              ],
              [
                120.5840246875,
                31.2705812812501
              ],
              [
                120.597345,
                31.263843
              ],
              [
                120.579478789063,
                31.21948753125
              ],
              [
                120.56170046875,
                31.2481984687501
              ],
              [
                120.55298953125,
                31.2694875312501
              ],
              [
                120.53170046875,
                31.27819846875
              ],
              [
                120.52298953125,
                31.28948753125
              ],
              [
                120.48170046875,
                31.2981984687501
              ],
              [
                120.466851835938,
                31.3174391914063
              ],
              [
                120.451954375,
                31.3196388984375
              ],
              [
                120.425289335938,
                31.3035524726563
              ],
              [
                120.406265898438,
                31.3281984687501
              ],
              [
                120.36170046875,
                31.31948753125
              ],
              [
                120.293053007813,
                31.28948753125
              ],
              [
                120.26170046875,
                31.2981984687501
              ],
              [
                120.207345,
                31.333843
              ],
              [
                120.214088164063,
                31.347173078125
              ],
              [
                120.327345,
                31.403843
              ],
              [
                120.432476835938,
                31.3986354804688
              ],
              [
                120.474830351563,
                31.4097341132812
              ],
              [
                120.511480742188,
                31.4082839179688
              ],
              [
                120.552003203125,
                31.422485578125
              ],
              [
                120.552545195313,
                31.4087331367188
              ]
            ]
          ]
        ]
      }
    },
    {
      "type": "Feature",
      "properties": {
        "name": "昆山市",
        "id": "320583"
      },
      "geometry": {
        "type": "MultiPolygon",
        "coordinates": [
          [
            [
              [
                120.88873171875,
                31.5372072578125
              ],
              [
                120.917345,
                31.5243508125
              ],
              [
                120.932862578125,
                31.5313210273438
              ],
              [
                120.971886015625,
                31.496313703125
              ],
              [
                120.987345,
                31.5038430000001
              ],
              [
                121.013463164063,
                31.4895070625
              ],
              [
                121.0072278125,
                31.4579567695313
              ],
              [
                121.023267851563,
                31.4355763984376
              ],
              [
                121.067345,
                31.4268679023438
              ],
              [
                121.08310671875,
                31.4299806953125
              ],
              [
                121.094522734375,
                31.3730324531251
              ],
              [
                121.107345,
                31.363843
              ],
              [
                121.110704375,
                31.3472023750001
              ],
              [
                121.129185820313,
                31.3378517890625
              ],
              [
                121.117486601563,
                31.3138893867188
              ],
              [
                121.143985625,
                31.3004836250001
              ],
              [
                121.147345,
                31.273843
              ],
              [
                121.14170046875,
                31.27819846875
              ],
              [
                121.081866484375,
                31.289702375
              ],
              [
                121.07298953125,
                31.27819846875
              ],
              [
                121.06170046875,
                31.2694875312501
              ],
              [
                121.05298953125,
                31.23808128125
              ],
              [
                121.07500125,
                31.162583234375
              ],
              [
                120.9976575,
                31.1343630195313
              ],
              [
                120.942345,
                31.1425368476563
              ],
              [
                120.902345,
                31.136626203125
              ],
              [
                120.8819153125,
                31.1396462226562
              ],
              [
                120.847345,
                31.113843
              ],
              [
                120.804195585938,
                31.1357033515625
              ],
              [
                120.816954375,
                31.1641066718751
              ],
              [
                120.807345,
                31.183843
              ],
              [
                120.811158476563,
                31.1900295234376
              ],
              [
                120.846285429688,
                31.2091530585938
              ],
              [
                120.898663359375,
                31.218579328125
              ],
              [
                120.881158476563,
                31.2576564765626
              ],
              [
                120.873531523438,
                31.2900295234375
              ],
              [
                120.861158476563,
                31.3076564765625
              ],
              [
                120.841900664063,
                31.3648732734375
              ],
              [
                120.821158476563,
                31.3776564765626
              ],
              [
                120.813531523438,
                31.4030080390625
              ],
              [
                120.827345,
                31.4338430000001
              ],
              [
                120.824078398438,
                31.4705739570313
              ],
              [
                120.809503203125,
                31.4884767890625
              ],
              [
                120.814991484375,
                31.498843
              ],
              [
                120.804151640625,
                31.51931175
              ],
              [
                120.827345,
                31.523843
              ],
              [
                120.843892851563,
                31.5203932929688
              ],
              [
                120.8517590625,
                31.5054592109375
              ],
              [
                120.88873171875,
                31.5372072578125
              ]
            ]
          ]
        ]
      }
    },
    {
      "type": "Feature",
      "properties": {
        "name": "太仓市",
        "id": "320585"
      },
      "geometry": {
        "type": "MultiPolygon",
        "coordinates": [
          [
            [
              [
                121.297345,
                31.493843
              ],
              [
                121.258072539063,
                31.4841970039063
              ],
              [
                121.231676054688,
                31.4901149726563
              ],
              [
                121.22326296875,
                31.4779274726562
              ],
              [
                121.19142703125,
                31.4697585273438
              ],
              [
                121.17326296875,
                31.4579274726563
              ],
              [
                121.133829375,
                31.4431740546876
              ],
              [
                121.15361453125,
                31.4295143867187
              ],
              [
                121.151221953125,
                31.418843
              ],
              [
                121.153468046875,
                31.408843
              ],
              [
                121.149283476563,
                31.390180890625
              ],
              [
                121.12142703125,
                31.3797585273438
              ],
              [
                121.11326296875,
                31.3679274726563
              ],
              [
                121.107345,
                31.363843
              ],
              [
                121.094522734375,
                31.3730324531251
              ],
              [
                121.08310671875,
                31.4299806953125
              ],
              [
                121.067345,
                31.4268679023438
              ],
              [
                121.023267851563,
                31.4355763984376
              ],
              [
                121.0072278125,
                31.4579567695313
              ],
              [
                121.013463164063,
                31.4895070625
              ],
              [
                120.987345,
                31.5038430000001
              ],
              [
                120.998502226563,
                31.5342287421875
              ],
              [
                120.975738554688,
                31.5538430000001
              ],
              [
                120.99271609375,
                31.5684719062501
              ],
              [
                121.002974882813,
                31.5914650703126
              ],
              [
                121.051363554688,
                31.6331496406251
              ],
              [
                121.015738554688,
                31.6638430000001
              ],
              [
                121.041715117188,
                31.6862209296876
              ],
              [
                121.05197390625,
                31.70921409375
              ],
              [
                121.097345,
                31.763843
              ],
              [
                121.107345,
                31.763843
              ],
              [
                121.119918242188,
                31.7456349921876
              ],
              [
                121.23326296875,
                31.6697585273438
              ],
              [
                121.33142703125,
                31.5779274726563
              ],
              [
                121.37326296875,
                31.5497585273438
              ],
              [
                121.377345,
                31.5438430000001
              ],
              [
                121.37267703125,
                31.5370827460938
              ],
              [
                121.334176054688,
                31.5120119453125
              ],
              [
                121.30142703125,
                31.4997585273438
              ],
              [
                121.297345,
                31.493843
              ]
            ]
          ]
        ]
      }
    },
    {
      "type": "Feature",
      "properties": {
        "name": "吴江区",
        "id": "320584"
      },
      "geometry": {
        "type": "MultiPolygon",
        "coordinates": [
          [
            [
              [
                120.65271609375,
                31.2192140937501
              ],
              [
                120.662345,
                31.1976369453125
              ],
              [
                120.700103789063,
                31.2006716132813
              ],
              [
                120.723409453125,
                31.1876686835938
              ],
              [
                120.758565703125,
                31.2284719062501
              ],
              [
                120.772769804688,
                31.2091408515625
              ],
              [
                120.7716028125,
                31.19460471875
              ],
              [
                120.807345,
                31.183843
              ],
              [
                120.816954375,
                31.1641066718751
              ],
              [
                120.804195585938,
                31.1357033515625
              ],
              [
                120.847345,
                31.113843
              ],
              [
                120.85170046875,
                31.10819846875
              ],
              [
                120.895064726563,
                31.0822634101563
              ],
              [
                120.8916028125,
                31.0588088203125
              ],
              [
                120.897345,
                31.023843
              ],
              [
                120.891612578125,
                31.0195778632813
              ],
              [
                120.883077421875,
                31.0081081367188
              ],
              [
                120.864371367188,
                30.9941896796876
              ],
              [
                120.785181914063,
                31.0078224921875
              ],
              [
                120.763077421875,
                30.9781081367188
              ],
              [
                120.751612578125,
                30.9695778632812
              ],
              [
                120.747345,
                30.963843
              ],
              [
                120.706944609375,
                30.9732033515626
              ],
              [
                120.67298953125,
                30.9649245429688
              ],
              [
                120.710094023438,
                30.93628440625
              ],
              [
                120.701300078125,
                30.8767800117188
              ],
              [
                120.672857695313,
                30.8809841132813
              ],
              [
                120.652857695313,
                30.85507346875
              ],
              [
                120.622203398438,
                30.8596022773438
              ],
              [
                120.567261992188,
                30.8468727851563
              ],
              [
                120.527345,
                30.793843
              ],
              [
                120.510787382813,
                30.769858625
              ],
              [
                120.487345,
                30.763843
              ],
              [
                120.463531523438,
                30.8100295234376
              ],
              [
                120.450538359375,
                30.8180373359375
              ],
              [
                120.456202421875,
                30.8362282539062
              ],
              [
                120.44064578125,
                30.8583864570313
              ],
              [
                120.44404421875,
                30.8692995429688
              ],
              [
                120.428487578125,
                30.8914577460938
              ],
              [
                120.436475859375,
                30.9171071601562
              ],
              [
                120.425855742188,
                30.9276564765625
              ],
              [
                120.408389921875,
                30.89931175
              ],
              [
                120.36341921875,
                30.8839846015626
              ],
              [
                120.357345,
                30.8938430000001
              ],
              [
                120.357345,
                30.9438430000001
              ],
              [
                120.367345,
                30.9438430000001
              ],
              [
                120.367345,
                30.953843
              ],
              [
                120.426344023438,
                30.9878566718751
              ],
              [
                120.5084778125,
                31.0831935859376
              ],
              [
                120.558272734375,
                31.1054128242188
              ],
              [
                120.59197390625,
                31.15921409375
              ],
              [
                120.612154570313,
                31.1766017890626
              ],
              [
                120.630694609375,
                31.2381862617188
              ],
              [
                120.65271609375,
                31.2192140937501
              ]
            ]
          ]
        ]
      }
    },
    {
      "type": "Feature",
      "properties": {
        "name": "相城区",
        "id": "320507"
      },
      "geometry": {
        "type": "MultiPolygon",
        "coordinates": [
          [
            [
              [
                120.612994414063,
                31.5493288398438
              ],
              [
                120.668746367188,
                31.4891628242188
              ],
              [
                120.739937773438,
                31.5381520820313
              ],
              [
                120.762511015625,
                31.5390480781251
              ],
              [
                120.782877226563,
                31.5282692695313
              ],
              [
                120.821812773438,
                31.5298122382813
              ],
              [
                120.827345,
                31.523843
              ],
              [
                120.804151640625,
                31.51931175
              ],
              [
                120.814991484375,
                31.498843
              ],
              [
                120.809503203125,
                31.4884767890625
              ],
              [
                120.824078398438,
                31.4705739570313
              ],
              [
                120.827345,
                31.4338430000001
              ],
              [
                120.77170046875,
                31.42948753125
              ],
              [
                120.740181914063,
                31.410473859375
              ],
              [
                120.72298953125,
                31.38819846875
              ],
              [
                120.681168242188,
                31.3765529609375
              ],
              [
                120.637345,
                31.343843
              ],
              [
                120.59427859375,
                31.3607741523438
              ],
              [
                120.547345,
                31.373843
              ],
              [
                120.552545195313,
                31.4087331367188
              ],
              [
                120.552003203125,
                31.422485578125
              ],
              [
                120.511480742188,
                31.4082839179688
              ],
              [
                120.474830351563,
                31.4097341132812
              ],
              [
                120.432476835938,
                31.3986354804688
              ],
              [
                120.327345,
                31.403843
              ],
              [
                120.337047148438,
                31.4155251289063
              ],
              [
                120.420245390625,
                31.4516042304687
              ],
              [
                120.461954375,
                31.4473537421875
              ],
              [
                120.467345,
                31.453843
              ],
              [
                120.49298953125,
                31.45819846875
              ],
              [
                120.544615507813,
                31.4784938789063
              ],
              [
                120.541607695313,
                31.498843
              ],
              [
                120.543604765625,
                31.5123513007813
              ],
              [
                120.572916289063,
                31.5080202460938
              ],
              [
                120.581773710938,
                31.5296657539063
              ],
              [
                120.592935820313,
                31.5280153632813
              ],
              [
                120.597345,
                31.5438430000001
              ],
              [
                120.612994414063,
                31.5493288398438
              ]
            ]
          ]
        ]
      }
    },
    {
      "type": "Feature",
      "properties": {
        "name": "张家港市",
        "id": "320582"
      },
      "geometry": {
        "type": "MultiPolygon",
        "coordinates": [
          [
            [
              [
                120.595675078125,
                32.008774640625
              ],
              [
                120.647345,
                32.0038430000001
              ],
              [
                120.67142703125,
                32.0097585273438
              ],
              [
                120.72326296875,
                32.0179274726563
              ],
              [
                120.737345,
                32.023843
              ],
              [
                120.773985625,
                32.0204836250001
              ],
              [
                120.78406375,
                32.00056175
              ],
              [
                120.797345,
                31.993843
              ],
              [
                120.850704375,
                31.887202375
              ],
              [
                120.857345,
                31.883843
              ],
              [
                120.863472929688,
                31.8599684882813
              ],
              [
                120.887345,
                31.823843
              ],
              [
                120.848541289063,
                31.8057228828125
              ],
              [
                120.798297148438,
                31.8212966132813
              ],
              [
                120.782066679688,
                31.8176589179688
              ],
              [
                120.746070585938,
                31.832778546875
              ],
              [
                120.71970828125,
                31.8156130195313
              ],
              [
                120.724586210938,
                31.793843
              ],
              [
                120.716734648438,
                31.7588185859375
              ],
              [
                120.68142703125,
                31.7497585273438
              ],
              [
                120.643194609375,
                31.7201247382813
              ],
              [
                120.587345,
                31.7338430000001
              ],
              [
                120.5957434375,
                31.753843
              ],
              [
                120.57900515625,
                31.7936989570313
              ],
              [
                120.552345,
                31.7877223945313
              ],
              [
                120.518204375,
                31.795376203125
              ],
              [
                120.526158476563,
                31.83085471875
              ],
              [
                120.50142703125,
                31.8479274726563
              ],
              [
                120.489176054688,
                31.8656740546876
              ],
              [
                120.455357695313,
                31.8890236640625
              ],
              [
                120.380426054688,
                31.9152883125
              ],
              [
                120.383565703125,
                31.9292897773438
              ],
              [
                120.37142703125,
                31.9479274726563
              ],
              [
                120.367345,
                31.993843
              ],
              [
                120.422769804688,
                32.0352101875
              ],
              [
                120.488975859375,
                32.04499534375
              ],
              [
                120.53170046875,
                32.02819846875
              ],
              [
                120.557345,
                32.023843
              ],
              [
                120.595675078125,
                32.008774640625
              ]
            ]
          ]
        ]
      }
    },
    {
      "type": "Feature",
      "properties": {
        "name": "吴中区",
        "id": "320506"
      },
      "geometry": {
        "type": "MultiPolygon",
        "coordinates": [
          [
            [
              [
                120.873531523438,
                31.2900295234375
              ],
              [
                120.881158476563,
                31.2576564765626
              ],
              [
                120.898663359375,
                31.218579328125
              ],
              [
                120.846285429688,
                31.2091530585938
              ],
              [
                120.811158476563,
                31.1900295234376
              ],
              [
                120.807345,
                31.183843
              ],
              [
                120.7716028125,
                31.19460471875
              ],
              [
                120.772769804688,
                31.2091408515625
              ],
              [
                120.758565703125,
                31.2284719062501
              ],
              [
                120.723409453125,
                31.1876686835938
              ],
              [
                120.700103789063,
                31.2006716132813
              ],
              [
                120.662345,
                31.1976369453125
              ],
              [
                120.65271609375,
                31.2192140937501
              ],
              [
                120.630694609375,
                31.2381862617188
              ],
              [
                120.612154570313,
                31.1766017890626
              ],
              [
                120.59197390625,
                31.15921409375
              ],
              [
                120.558272734375,
                31.1054128242188
              ],
              [
                120.5084778125,
                31.0831935859376
              ],
              [
                120.426344023438,
                30.9878566718751
              ],
              [
                120.367345,
                30.953843
              ],
              [
                120.357345,
                30.953843
              ],
              [
                120.357345,
                30.9438430000001
              ],
              [
                120.244307890625,
                30.9299782539063
              ],
              [
                120.151959257813,
                30.9393923164063
              ],
              [
                120.097345,
                30.963843
              ],
              [
                120.08427859375,
                30.9807741523438
              ],
              [
                120.051690703125,
                31.005923078125
              ],
              [
                120.000133085938,
                31.02702659375
              ],
              [
                119.943360625,
                31.1022438789063
              ],
              [
                119.93298953125,
                31.13948753125
              ],
              [
                119.92170046875,
                31.15819846875
              ],
              [
                119.917345,
                31.173843
              ],
              [
                119.933443632813,
                31.1925295234375
              ],
              [
                120.010181914063,
                31.2560060859375
              ],
              [
                120.09271609375,
                31.27847190625
              ],
              [
                120.127345,
                31.293843
              ],
              [
                120.186846953125,
                31.3276711250001
              ],
              [
                120.207345,
                31.333843
              ],
              [
                120.26170046875,
                31.2981984687501
              ],
              [
                120.293053007813,
                31.28948753125
              ],
              [
                120.36170046875,
                31.31948753125
              ],
              [
                120.406265898438,
                31.3281984687501
              ],
              [
                120.425289335938,
                31.3035524726563
              ],
              [
                120.451954375,
                31.3196388984375
              ],
              [
                120.466851835938,
                31.3174391914063
              ],
              [
                120.48170046875,
                31.2981984687501
              ],
              [
                120.52298953125,
                31.28948753125
              ],
              [
                120.53170046875,
                31.27819846875
              ],
              [
                120.55298953125,
                31.2694875312501
              ],
              [
                120.56170046875,
                31.2481984687501
              ],
              [
                120.579478789063,
                31.21948753125
              ],
              [
                120.597345,
                31.263843
              ],
              [
                120.622056914063,
                31.2792678046875
              ],
              [
                120.651954375,
                31.2768654609375
              ],
              [
                120.637345,
                31.343843
              ],
              [
                120.681168242188,
                31.3765529609375
              ],
              [
                120.72298953125,
                31.38819846875
              ],
              [
                120.740181914063,
                31.410473859375
              ],
              [
                120.77170046875,
                31.42948753125
              ],
              [
                120.827345,
                31.4338430000001
              ],
              [
                120.813531523438,
                31.4030080390625
              ],
              [
                120.821158476563,
                31.3776564765626
              ],
              [
                120.841900664063,
                31.3648732734375
              ],
              [
                120.861158476563,
                31.3076564765625
              ],
              [
                120.873531523438,
                31.2900295234375
              ]
            ]
          ]
        ]
      }
    },
    {
      "type": "Feature",
      "properties": {
        "name": "姑苏区",
        "id": "320502"
      },
      "geometry": {
        "type": "MultiPolygon",
        "coordinates": [
          [
            [
              [
                120.637345,
                31.343843
              ],
              [
                120.651954375,
                31.2768654609375
              ],
              [
                120.622056914063,
                31.2792678046875
              ],
              [
                120.597345,
                31.263843
              ],
              [
                120.5840246875,
                31.2705812812501
              ],
              [
                120.553985625,
                31.3304836250001
              ],
              [
                120.525733671875,
                31.3629103828126
              ],
              [
                120.547345,
                31.373843
              ],
              [
                120.59427859375,
                31.3607741523438
              ],
              [
                120.637345,
                31.343843
              ]
            ]
          ]
        ]
      }
    }
  ]
}
