{"type":"FeatureCollection","features":[{"type":"Feature","id":"429005","properties":{"name":"积玉口镇","cp":[112.721,30.4185],"childNum":0},"geometry":{"type":"Polygon","coordinates":[],"encodeOffsets":[]}},{"type":"Feature","id":"429005","properties":{"name":"潜江经济开发区","cp":[112.883,30.4825],"childNum":0},"geometry":{"type":"Polygon","coordinates":[],"encodeOffsets":[]}},{"type":"Feature","id":"429005","properties":{"name":"广华街道","cp":[112.666,30.4633],"childNum":0},"geometry":{"type":"Polygon","coordinates":[],"encodeOffsets":[]}},{"type":"Feature","id":"429005","properties":{"name":"泰丰街道","cp":[112.981,30.4167],"childNum":0},"geometry":{"type":"Polygon","coordinates":[],"encodeOffsets":[]}},{"type":"Feature","id":"429005","properties":{"name":"总口管理区","cp":[112.89,30.2581],"childNum":0},"geometry":{"type":"Polygon","coordinates":[],"encodeOffsets":[]}},{"type":"Feature","id":"429005","properties":{"name":"周矶管理区","cp":[112.826,30.4567],"childNum":0},"geometry":{"type":"Polygon","coordinates":[],"encodeOffsets":[]}},{"type":"Feature","id":"429005","properties":{"name":"周矶街道","cp":[112.818,30.4576],"childNum":0},"geometry":{"type":"Polygon","coordinates":[],"encodeOffsets":[]}},{"type":"Feature","id":"429005","properties":{"name":"竹根滩镇","cp":[112.979,30.4716],"childNum":0},"geometry":{"type":"Polygon","coordinates":[],"encodeOffsets":[]}},{"type":"Feature","id":"429005","properties":{"name":"运粮湖管理区","cp":[112.582,30.252],"childNum":0},"geometry":{"type":"Polygon","coordinates":[],"encodeOffsets":[]}},{"type":"Feature","id":"429005","properties":{"name":"园林街道","cp":[112.91,30.377],"childNum":0},"geometry":{"type":"Polygon","coordinates":[],"encodeOffsets":[]}},{"type":"Feature","id":"429005","properties":{"name":"王场镇","cp":[112.819,30.4906],"childNum":0},"geometry":{"type":"Polygon","coordinates":[],"encodeOffsets":[]}},{"type":"Feature","id":"429005","properties":{"name":"渔洋镇","cp":[112.966,30.2392],"childNum":0},"geometry":{"type":"Polygon","coordinates":[],"encodeOffsets":[]}},{"type":"Feature","id":"429005","properties":{"name":"熊口镇","cp":[112.724,30.3404],"childNum":0},"geometry":{"type":"Polygon","coordinates":[],"encodeOffsets":[]}},{"type":"Feature","id":"429005","properties":{"name":"白鹭湖管理区","cp":[112.716,30.1788],"childNum":0},"geometry":{"type":"Polygon","coordinates":[],"encodeOffsets":[]}},{"type":"Feature","id":"429005","properties":{"name":"高场街道","cp":[112.775,30.4076],"childNum":0},"geometry":{"type":"Polygon","coordinates":[],"encodeOffsets":[]}},{"type":"Feature","id":"429005","properties":{"name":"熊口管理区","cp":[112.802,30.195],"childNum":0},"geometry":{"type":"Polygon","coordinates":[],"encodeOffsets":[]}},{"type":"Feature","id":"429005","properties":{"name":"后湖管理区","cp":[112.768,30.4049],"childNum":0},"geometry":{"type":"Polygon","coordinates":[],"encodeOffsets":[]}},{"type":"Feature","id":"429005","properties":{"name":"江汉石油管理局","cp":[112.793,30.4635],"childNum":0},"geometry":{"type":"Polygon","coordinates":[],"encodeOffsets":[]}},{"type":"Feature","id":"429005","properties":{"name":"杨市街道","cp":[112.915,30.3835],"childNum":0},"geometry":{"type":"Polygon","coordinates":[],"encodeOffsets":[]}},{"type":"Feature","id":"429005","properties":{"name":"龙湾镇","cp":[112.69,30.2848],"childNum":0},"geometry":{"type":"Polygon","coordinates":[],"encodeOffsets":[]}},{"type":"Feature","id":"429005","properties":{"name":"老新镇","cp":[112.81,30.2185],"childNum":0},"geometry":{"type":"Polygon","coordinates":[],"encodeOffsets":[]}},{"type":"Feature","id":"429005","properties":{"name":"张金镇","cp":[112.577,30.2389],"childNum":0},"geometry":{"type":"Polygon","coordinates":[],"encodeOffsets":[]}},{"type":"Feature","id":"429005","properties":{"name":"浩口原种场","cp":[112.643,30.3784],"childNum":0},"geometry":{"type":"Polygon","coordinates":[],"encodeOffsets":[]}},{"type":"Feature","id":"429005","properties":{"name":"浩口镇","cp":[112.65,30.3695],"childNum":0},"geometry":{"type":"Polygon","coordinates":[],"encodeOffsets":[]}},{"type":"Feature","id":"429005","properties":{"name":"高石碑镇","cp":[112.626,30.6203],"childNum":0},"geometry":{"type":"Polygon","coordinates":[],"encodeOffsets":[]}}],"UTF8Encoding":false}