{"type":"FeatureCollection","features":[{"type":"Feature","id":"460400","properties":{"name":"和庆镇","cp":[109.677,19.5887],"childNum":0},"geometry":{"type":"Polygon","coordinates":[],"encodeOffsets":[]}},{"type":"Feature","id":"460400","properties":{"name":"光村镇","cp":[109.467,19.9035],"childNum":0},"geometry":{"type":"Polygon","coordinates":[],"encodeOffsets":[]}},{"type":"Feature","id":"460400","properties":{"name":"国营蓝洋农场","cp":[109.618,19.5107],"childNum":0},"geometry":{"type":"Polygon","coordinates":[],"encodeOffsets":[]}},{"type":"Feature","id":"460400","properties":{"name":"王五镇","cp":[109.258,19.6415],"childNum":0},"geometry":{"type":"Polygon","coordinates":[],"encodeOffsets":[]}},{"type":"Feature","id":"460400","properties":{"name":"木棠镇","cp":[109.33,19.8594],"childNum":0},"geometry":{"type":"Polygon","coordinates":[],"encodeOffsets":[]}},{"type":"Feature","id":"460400","properties":{"name":"中和镇","cp":[109.351,19.7747],"childNum":0},"geometry":{"type":"Polygon","coordinates":[],"encodeOffsets":[]}},{"type":"Feature","id":"460400","properties":{"name":"兰洋镇","cp":[109.682,19.4833],"childNum":0},"geometry":{"type":"Polygon","coordinates":[],"encodeOffsets":[]}},{"type":"Feature","id":"460400","properties":{"name":"洋浦经济开发区","cp":[109.162,19.7962],"childNum":0},"geometry":{"type":"Polygon","coordinates":[],"encodeOffsets":[]}},{"type":"Feature","id":"460400","properties":{"name":"东成镇","cp":[109.579,19.7102],"childNum":0},"geometry":{"type":"Polygon","coordinates":[],"encodeOffsets":[]}},{"type":"Feature","id":"460400","properties":{"name":"海头镇","cp":[108.948,19.4939],"childNum":0},"geometry":{"type":"Polygon","coordinates":[],"encodeOffsets":[]}},{"type":"Feature","id":"460400","properties":{"name":"华南热作学院","cp":[109.505,19.573],"childNum":0},"geometry":{"type":"Polygon","coordinates":[],"encodeOffsets":[]}},{"type":"Feature","id":"460400","properties":{"name":"排浦镇","cp":[109.196,19.65],"childNum":0},"geometry":{"type":"Polygon","coordinates":[],"encodeOffsets":[]}},{"type":"Feature","id":"460400","properties":{"name":"国营八一农场","cp":[109.23,19.3915],"childNum":0},"geometry":{"type":"Polygon","coordinates":[],"encodeOffsets":[]}},{"type":"Feature","id":"460400","properties":{"name":"新州镇","cp":[109.321,19.7523],"childNum":0},"geometry":{"type":"Polygon","coordinates":[],"encodeOffsets":[]}},{"type":"Feature","id":"460400","properties":{"name":"雅星镇","cp":[109.156,19.4695],"childNum":0},"geometry":{"type":"Polygon","coordinates":[],"encodeOffsets":[]}},{"type":"Feature","id":"460400","properties":{"name":"大成镇","cp":[109.345,19.4765],"childNum":0},"geometry":{"type":"Polygon","coordinates":[],"encodeOffsets":[]}},{"type":"Feature","id":"460400","properties":{"name":"那大镇","cp":[109.573,19.5907],"childNum":0},"geometry":{"type":"Polygon","coordinates":[],"encodeOffsets":[]}},{"type":"Feature","id":"460400","properties":{"name":"峨蔓镇","cp":[109.333,19.8438],"childNum":0},"geometry":{"type":"Polygon","coordinates":[],"encodeOffsets":[]}},{"type":"Feature","id":"460400","properties":{"name":"白马井镇","cp":[109.268,19.7046],"childNum":0},"geometry":{"type":"Polygon","coordinates":[],"encodeOffsets":[]}},{"type":"Feature","id":"460400","properties":{"name":"南丰镇","cp":[109.532,19.4981],"childNum":0},"geometry":{"type":"Polygon","coordinates":[],"encodeOffsets":[]}},{"type":"Feature","id":"460400","properties":{"name":"国营西联农场","cp":[109.537,19.6556],"childNum":0},"geometry":{"type":"Polygon","coordinates":[],"encodeOffsets":[]}},{"type":"Feature","id":"460400","properties":{"name":"国营西培农场","cp":[109.31,19.4969],"childNum":0},"geometry":{"type":"Polygon","coordinates":[],"encodeOffsets":[]}},{"type":"Feature","id":"460400","properties":{"name":"三都镇","cp":[109.176,19.7946],"childNum":0},"geometry":{"type":"Polygon","coordinates":[],"encodeOffsets":[]}}],"UTF8Encoding":false}