{"type":"FeatureCollection","features":[{"type":"Feature","id":"469001","properties":{"name":"番阳镇","cp":[109.334,18.9132],"childNum":0},"geometry":{"type":"Polygon","coordinates":[],"encodeOffsets":[]}},{"type":"Feature","id":"469001","properties":{"name":"毛阳镇","cp":[109.45,18.8811],"childNum":0},"geometry":{"type":"Polygon","coordinates":[],"encodeOffsets":[]}},{"type":"Feature","id":"469001","properties":{"name":"南圣镇","cp":[109.659,18.841],"childNum":0},"geometry":{"type":"Polygon","coordinates":[],"encodeOffsets":[]}},{"type":"Feature","id":"469001","properties":{"name":"通什镇","cp":[109.614,18.8418],"childNum":0},"geometry":{"type":"Polygon","coordinates":[],"encodeOffsets":[]}},{"type":"Feature","id":"469001","properties":{"name":"水满乡","cp":[109.601,18.8995],"childNum":0},"geometry":{"type":"Polygon","coordinates":[],"encodeOffsets":[]}},{"type":"Feature","id":"469001","properties":{"name":"国营畅好农场","cp":[109.541,18.7112],"childNum":0},"geometry":{"type":"Polygon","coordinates":[],"encodeOffsets":[]}},{"type":"Feature","id":"469001","properties":{"name":"畅好乡","cp":[109.407,18.6294],"childNum":0},"geometry":{"type":"Polygon","coordinates":[],"encodeOffsets":[]}},{"type":"Feature","id":"469001","properties":{"name":"毛道乡","cp":[109.356,18.7134],"childNum":0},"geometry":{"type":"Polygon","coordinates":[],"encodeOffsets":[]}}],"UTF8Encoding":false}