{"type":"FeatureCollection","features":[{"type":"Feature","id":"469029","properties":{"name":"保城镇","cp":[109.747,18.6854],"childNum":0},"geometry":{"type":"Polygon","coordinates":[],"encodeOffsets":[]}},{"type":"Feature","id":"469029","properties":{"name":"新政镇","cp":[109.578,18.5685],"childNum":0},"geometry":{"type":"Polygon","coordinates":[],"encodeOffsets":[]}},{"type":"Feature","id":"469029","properties":{"name":"加茂镇","cp":[109.719,18.5033],"childNum":0},"geometry":{"type":"Polygon","coordinates":[],"encodeOffsets":[]}},{"type":"Feature","id":"469029","properties":{"name":"国营新星农场","cp":[109.729,18.6749],"childNum":0},"geometry":{"type":"Polygon","coordinates":[],"encodeOffsets":[]}},{"type":"Feature","id":"469029","properties":{"name":"海南保亭热带作物研究所","cp":[109.709,18.6282],"childNum":0},"geometry":{"type":"Polygon","coordinates":[],"encodeOffsets":[]}},{"type":"Feature","id":"469029","properties":{"name":"毛感乡","cp":[109.503,18.5563],"childNum":0},"geometry":{"type":"Polygon","coordinates":[],"encodeOffsets":[]}},{"type":"Feature","id":"469029","properties":{"name":"六弓乡","cp":[109.803,18.5393],"childNum":0},"geometry":{"type":"Polygon","coordinates":[],"encodeOffsets":[]}},{"type":"Feature","id":"469029","properties":{"name":"南林乡","cp":[109.577,18.3893],"childNum":0},"geometry":{"type":"Polygon","coordinates":[],"encodeOffsets":[]}},{"type":"Feature","id":"469029","properties":{"name":"国营金江农场","cp":[109.682,18.547],"childNum":0},"geometry":{"type":"Polygon","coordinates":[],"encodeOffsets":[]}},{"type":"Feature","id":"469029","properties":{"name":"什玲镇","cp":[109.74,18.6941],"childNum":0},"geometry":{"type":"Polygon","coordinates":[],"encodeOffsets":[]}},{"type":"Feature","id":"469029","properties":{"name":"国营三道农场","cp":[109.649,18.5179],"childNum":0},"geometry":{"type":"Polygon","coordinates":[],"encodeOffsets":[]}},{"type":"Feature","id":"469029","properties":{"name":"三道镇","cp":[109.66,18.5251],"childNum":0},"geometry":{"type":"Polygon","coordinates":[],"encodeOffsets":[]}},{"type":"Feature","id":"469029","properties":{"name":"响水镇","cp":[109.565,18.7404],"childNum":0},"geometry":{"type":"Polygon","coordinates":[],"encodeOffsets":[]}}],"UTF8Encoding":false}