{"type":"FeatureCollection","features":[{"type":"Feature","id":"469021","properties":{"name":"岭口镇","cp":[110.276,19.3601],"childNum":0},"geometry":{"type":"Polygon","coordinates":[],"encodeOffsets":[]}},{"type":"Feature","id":"469021","properties":{"name":"富文镇","cp":[110.232,19.521],"childNum":0},"geometry":{"type":"Polygon","coordinates":[],"encodeOffsets":[]}},{"type":"Feature","id":"469021","properties":{"name":"国营中瑞农场","cp":[110.244,19.3008],"childNum":0},"geometry":{"type":"Polygon","coordinates":[],"encodeOffsets":[]}},{"type":"Feature","id":"469021","properties":{"name":"国营南海农场","cp":[110.469,19.4432],"childNum":0},"geometry":{"type":"Polygon","coordinates":[],"encodeOffsets":[]}},{"type":"Feature","id":"469021","properties":{"name":"新竹镇","cp":[110.159,19.5843],"childNum":0},"geometry":{"type":"Polygon","coordinates":[],"encodeOffsets":[]}},{"type":"Feature","id":"469021","properties":{"name":"翰林镇","cp":[110.24,19.2982],"childNum":0},"geometry":{"type":"Polygon","coordinates":[],"encodeOffsets":[]}},{"type":"Feature","id":"469021","properties":{"name":"雷鸣镇","cp":[110.273,19.5137],"childNum":0},"geometry":{"type":"Polygon","coordinates":[],"encodeOffsets":[]}},{"type":"Feature","id":"469021","properties":{"name":"国营金鸡岭农场","cp":[110.252,19.5171],"childNum":0},"geometry":{"type":"Polygon","coordinates":[],"encodeOffsets":[]}},{"type":"Feature","id":"469021","properties":{"name":"黄竹镇","cp":[110.528,19.4887],"childNum":0},"geometry":{"type":"Polygon","coordinates":[],"encodeOffsets":[]}},{"type":"Feature","id":"469021","properties":{"name":"定城镇","cp":[110.317,19.7017],"childNum":0},"geometry":{"type":"Polygon","coordinates":[],"encodeOffsets":[]}},{"type":"Feature","id":"469021","properties":{"name":"龙门镇","cp":[110.298,19.4997],"childNum":0},"geometry":{"type":"Polygon","coordinates":[],"encodeOffsets":[]}},{"type":"Feature","id":"469021","properties":{"name":"龙河镇","cp":[110.226,19.4221],"childNum":0},"geometry":{"type":"Polygon","coordinates":[],"encodeOffsets":[]}},{"type":"Feature","id":"469021","properties":{"name":"龙湖镇","cp":[110.469,19.5845],"childNum":0},"geometry":{"type":"Polygon","coordinates":[],"encodeOffsets":[]}}],"UTF8Encoding":false}