{"type":"FeatureCollection","features":[{"type":"Feature","id":"469005","properties":{"name":"东阁镇","cp":[110.799,19.7566],"childNum":0},"geometry":{"type":"Polygon","coordinates":[],"encodeOffsets":[]}},{"type":"Feature","id":"469005","properties":{"name":"国营东路农场","cp":[110.714,19.8524],"childNum":0},"geometry":{"type":"Polygon","coordinates":[],"encodeOffsets":[]}},{"type":"Feature","id":"469005","properties":{"name":"锦山镇","cp":[110.67,20.0418],"childNum":0},"geometry":{"type":"Polygon","coordinates":[],"encodeOffsets":[]}},{"type":"Feature","id":"469005","properties":{"name":"文教镇","cp":[110.856,19.7083],"childNum":0},"geometry":{"type":"Polygon","coordinates":[],"encodeOffsets":[]}},{"type":"Feature","id":"469005","properties":{"name":"会文镇","cp":[110.708,19.4957],"childNum":0},"geometry":{"type":"Polygon","coordinates":[],"encodeOffsets":[]}},{"type":"Feature","id":"469005","properties":{"name":"国营罗豆农场","cp":[110.624,19.9713],"childNum":0},"geometry":{"type":"Polygon","coordinates":[],"encodeOffsets":[]}},{"type":"Feature","id":"469005","properties":{"name":"铺前镇","cp":[110.675,20.0377],"childNum":0},"geometry":{"type":"Polygon","coordinates":[],"encodeOffsets":[]}},{"type":"Feature","id":"469005","properties":{"name":"东郊镇","cp":[110.91,19.6291],"childNum":0},"geometry":{"type":"Polygon","coordinates":[],"encodeOffsets":[]}},{"type":"Feature","id":"469005","properties":{"name":"翁田镇","cp":[110.813,19.9295],"childNum":0},"geometry":{"type":"Polygon","coordinates":[],"encodeOffsets":[]}},{"type":"Feature","id":"469005","properties":{"name":"国营南阳农场","cp":[110.556,19.4727],"childNum":0},"geometry":{"type":"Polygon","coordinates":[],"encodeOffsets":[]}},{"type":"Feature","id":"469005","properties":{"name":"冯坡镇","cp":[110.774,20.0176],"childNum":0},"geometry":{"type":"Polygon","coordinates":[],"encodeOffsets":[]}},{"type":"Feature","id":"469005","properties":{"name":"龙楼镇","cp":[110.938,19.6606],"childNum":0},"geometry":{"type":"Polygon","coordinates":[],"encodeOffsets":[]}},{"type":"Feature","id":"469005","properties":{"name":"公坡镇","cp":[110.836,19.8543],"childNum":0},"geometry":{"type":"Polygon","coordinates":[],"encodeOffsets":[]}},{"type":"Feature","id":"469005","properties":{"name":"潭牛镇","cp":[110.623,19.6785],"childNum":0},"geometry":{"type":"Polygon","coordinates":[],"encodeOffsets":[]}},{"type":"Feature","id":"469005","properties":{"name":"东路镇","cp":[110.658,19.8051],"childNum":0},"geometry":{"type":"Polygon","coordinates":[],"encodeOffsets":[]}},{"type":"Feature","id":"469005","properties":{"name":"蓬莱镇","cp":[110.638,19.5164],"childNum":0},"geometry":{"type":"Polygon","coordinates":[],"encodeOffsets":[]}},{"type":"Feature","id":"469005","properties":{"name":"抱罗镇","cp":[110.73,19.889],"childNum":0},"geometry":{"type":"Polygon","coordinates":[],"encodeOffsets":[]}},{"type":"Feature","id":"469005","properties":{"name":"昌洒镇","cp":[111.26,19.9626],"childNum":0},"geometry":{"type":"Polygon","coordinates":[],"encodeOffsets":[]}},{"type":"Feature","id":"469005","properties":{"name":"文城镇","cp":[110.708,19.4982],"childNum":0},"geometry":{"type":"Polygon","coordinates":[],"encodeOffsets":[]}},{"type":"Feature","id":"469005","properties":{"name":"重兴镇","cp":[110.654,19.4341],"childNum":0},"geometry":{"type":"Polygon","coordinates":[],"encodeOffsets":[]}}],"UTF8Encoding":false}