{"type":"FeatureCollection","features":[{"type":"Feature","id":"469002","properties":{"name":"国营东升农场","cp":[110.413,19.284],"childNum":0},"geometry":{"type":"Polygon","coordinates":[],"encodeOffsets":[]}},{"type":"Feature","id":"469002","properties":{"name":"嘉积镇","cp":[110.441,19.3208],"childNum":0},"geometry":{"type":"Polygon","coordinates":[],"encodeOffsets":[]}},{"type":"Feature","id":"469002","properties":{"name":"会山镇","cp":[110.302,19.0792],"childNum":0},"geometry":{"type":"Polygon","coordinates":[],"encodeOffsets":[]}},{"type":"Feature","id":"469002","properties":{"name":"大路镇","cp":[110.424,19.354],"childNum":0},"geometry":{"type":"Polygon","coordinates":[],"encodeOffsets":[]}},{"type":"Feature","id":"469002","properties":{"name":"国营东红农场","cp":[110.509,19.364],"childNum":0},"geometry":{"type":"Polygon","coordinates":[],"encodeOffsets":[]}},{"type":"Feature","id":"469002","properties":{"name":"国营东太农场","cp":[110.367,19.1372],"childNum":0},"geometry":{"type":"Polygon","coordinates":[],"encodeOffsets":[]}},{"type":"Feature","id":"469002","properties":{"name":"塔洋镇","cp":[110.475,19.3404],"childNum":0},"geometry":{"type":"Polygon","coordinates":[],"encodeOffsets":[]}},{"type":"Feature","id":"469002","properties":{"name":"万泉镇","cp":[110.364,19.2516],"childNum":0},"geometry":{"type":"Polygon","coordinates":[],"encodeOffsets":[]}},{"type":"Feature","id":"469002","properties":{"name":"彬村山华侨农场","cp":[110.623,19.3022],"childNum":0},"geometry":{"type":"Polygon","coordinates":[],"encodeOffsets":[]}},{"type":"Feature","id":"469002","properties":{"name":"博鳌镇","cp":[110.5,19.1754],"childNum":0},"geometry":{"type":"Polygon","coordinates":[],"encodeOffsets":[]}},{"type":"Feature","id":"469002","properties":{"name":"阳江镇","cp":[110.334,19.0558],"childNum":0},"geometry":{"type":"Polygon","coordinates":[],"encodeOffsets":[]}},{"type":"Feature","id":"469002","properties":{"name":"龙江镇","cp":[110.36,19.1595],"childNum":0},"geometry":{"type":"Polygon","coordinates":[],"encodeOffsets":[]}},{"type":"Feature","id":"469002","properties":{"name":"石壁镇","cp":[110.168,19.167],"childNum":0},"geometry":{"type":"Polygon","coordinates":[],"encodeOffsets":[]}},{"type":"Feature","id":"469002","properties":{"name":"中原镇","cp":[110.419,19.1765],"childNum":0},"geometry":{"type":"Polygon","coordinates":[],"encodeOffsets":[]}},{"type":"Feature","id":"469002","properties":{"name":"潭门镇","cp":[110.546,19.2013],"childNum":0},"geometry":{"type":"Polygon","coordinates":[],"encodeOffsets":[]}},{"type":"Feature","id":"469002","properties":{"name":"长坡镇","cp":[110.594,19.3213],"childNum":0},"geometry":{"type":"Polygon","coordinates":[],"encodeOffsets":[]}}],"UTF8Encoding":false}