{"type":"FeatureCollection","features":[{"type":"Feature","id":"469027","properties":{"name":"利国镇","cp":[108.965,18.529],"childNum":0},"geometry":{"type":"Polygon","coordinates":[],"encodeOffsets":[]}},{"type":"Feature","id":"469027","properties":{"name":"莺歌海镇","cp":[108.728,18.4959],"childNum":0},"geometry":{"type":"Polygon","coordinates":[],"encodeOffsets":[]}},{"type":"Feature","id":"469027","properties":{"name":"万冲镇","cp":[109.339,18.7838],"childNum":0},"geometry":{"type":"Polygon","coordinates":[],"encodeOffsets":[]}},{"type":"Feature","id":"469027","properties":{"name":"国营保国农场","cp":[109.245,18.6612],"childNum":0},"geometry":{"type":"Polygon","coordinates":[],"encodeOffsets":[]}},{"type":"Feature","id":"469027","properties":{"name":"抱由镇","cp":[109.138,18.8948],"childNum":0},"geometry":{"type":"Polygon","coordinates":[],"encodeOffsets":[]}},{"type":"Feature","id":"469027","properties":{"name":"大安镇","cp":[109.225,18.5876],"childNum":0},"geometry":{"type":"Polygon","coordinates":[],"encodeOffsets":[]}},{"type":"Feature","id":"469027","properties":{"name":"国营乐光农场","cp":[109.192,18.5331],"childNum":0},"geometry":{"type":"Polygon","coordinates":[],"encodeOffsets":[]}},{"type":"Feature","id":"469027","properties":{"name":"九所镇","cp":[108.927,18.5276],"childNum":0},"geometry":{"type":"Polygon","coordinates":[],"encodeOffsets":[]}},{"type":"Feature","id":"469027","properties":{"name":"国营莺歌海盐场","cp":[108.729,18.5523],"childNum":0},"geometry":{"type":"Polygon","coordinates":[],"encodeOffsets":[]}},{"type":"Feature","id":"469027","properties":{"name":"黄流镇","cp":[108.808,18.597],"childNum":0},"geometry":{"type":"Polygon","coordinates":[],"encodeOffsets":[]}},{"type":"Feature","id":"469027","properties":{"name":"志仲镇","cp":[109.224,18.5932],"childNum":0},"geometry":{"type":"Polygon","coordinates":[],"encodeOffsets":[]}},{"type":"Feature","id":"469027","properties":{"name":"尖峰镇","cp":[108.7,18.7124],"childNum":0},"geometry":{"type":"Polygon","coordinates":[],"encodeOffsets":[]}},{"type":"Feature","id":"469027","properties":{"name":"千家镇","cp":[109.15,18.6353],"childNum":0},"geometry":{"type":"Polygon","coordinates":[],"encodeOffsets":[]}},{"type":"Feature","id":"469027","properties":{"name":"国营山荣农场","cp":[109.223,18.7507],"childNum":0},"geometry":{"type":"Polygon","coordinates":[],"encodeOffsets":[]}},{"type":"Feature","id":"469027","properties":{"name":"国营尖峰岭林业公司","cp":[109.027,18.726],"childNum":0},"geometry":{"type":"Polygon","coordinates":[],"encodeOffsets":[]}},{"type":"Feature","id":"469027","properties":{"name":"佛罗镇","cp":[108.792,18.5833],"childNum":0},"geometry":{"type":"Polygon","coordinates":[],"encodeOffsets":[]}}],"UTF8Encoding":false}