{"type":"FeatureCollection","features":[{"type":"Feature","id":"469007","properties":{"name":"新龙镇","cp":[108.686,18.9263],"childNum":0},"geometry":{"type":"Polygon","coordinates":[],"encodeOffsets":[]}},{"type":"Feature","id":"469007","properties":{"name":"天安乡","cp":[108.817,18.8803],"childNum":0},"geometry":{"type":"Polygon","coordinates":[],"encodeOffsets":[]}},{"type":"Feature","id":"469007","properties":{"name":"东方华侨农场","cp":[108.696,18.9726],"childNum":0},"geometry":{"type":"Polygon","coordinates":[],"encodeOffsets":[]}},{"type":"Feature","id":"469007","properties":{"name":"国营广坝农场","cp":[108.732,18.8589],"childNum":0},"geometry":{"type":"Polygon","coordinates":[],"encodeOffsets":[]}},{"type":"Feature","id":"469007","properties":{"name":"东河镇","cp":[108.991,19.1321],"childNum":0},"geometry":{"type":"Polygon","coordinates":[],"encodeOffsets":[]}},{"type":"Feature","id":"469007","properties":{"name":"四更镇","cp":[108.606,19.2646],"childNum":0},"geometry":{"type":"Polygon","coordinates":[],"encodeOffsets":[]}},{"type":"Feature","id":"469007","properties":{"name":"板桥镇","cp":[108.87,18.8744],"childNum":0},"geometry":{"type":"Polygon","coordinates":[],"encodeOffsets":[]}},{"type":"Feature","id":"469007","properties":{"name":"大田镇","cp":[108.976,19.1314],"childNum":0},"geometry":{"type":"Polygon","coordinates":[],"encodeOffsets":[]}},{"type":"Feature","id":"469007","properties":{"name":"八所镇","cp":[108.622,19.0927],"childNum":0},"geometry":{"type":"Polygon","coordinates":[],"encodeOffsets":[]}},{"type":"Feature","id":"469007","properties":{"name":"感城镇","cp":[108.83,18.8833],"childNum":0},"geometry":{"type":"Polygon","coordinates":[],"encodeOffsets":[]}},{"type":"Feature","id":"469007","properties":{"name":"江边乡","cp":[109.108,18.8945],"childNum":0},"geometry":{"type":"Polygon","coordinates":[],"encodeOffsets":[]}},{"type":"Feature","id":"469007","properties":{"name":"三家镇","cp":[108.798,19.2498],"childNum":0},"geometry":{"type":"Polygon","coordinates":[],"encodeOffsets":[]}}],"UTF8Encoding":false}