{"type":"FeatureCollection","features":[{"type":"Feature","id":"469030","properties":{"name":"国营乌石农场","cp":[109.937,19.0977],"childNum":0},"geometry":{"type":"Polygon","coordinates":[],"encodeOffsets":[]}},{"type":"Feature","id":"469030","properties":{"name":"什运乡","cp":[109.583,18.9237],"childNum":0},"geometry":{"type":"Polygon","coordinates":[],"encodeOffsets":[]}},{"type":"Feature","id":"469030","properties":{"name":"和平镇","cp":[109.894,18.899],"childNum":0},"geometry":{"type":"Polygon","coordinates":[],"encodeOffsets":[]}},{"type":"Feature","id":"469030","properties":{"name":"上安乡","cp":[109.731,18.9133],"childNum":0},"geometry":{"type":"Polygon","coordinates":[],"encodeOffsets":[]}},{"type":"Feature","id":"469030","properties":{"name":"营根镇","cp":[109.733,18.9748],"childNum":0},"geometry":{"type":"Polygon","coordinates":[],"encodeOffsets":[]}},{"type":"Feature","id":"469030","properties":{"name":"国营加钗农场","cp":[109.783,19.0265],"childNum":0},"geometry":{"type":"Polygon","coordinates":[],"encodeOffsets":[]}},{"type":"Feature","id":"469030","properties":{"name":"吊罗山乡","cp":[109.917,18.8198],"childNum":0},"geometry":{"type":"Polygon","coordinates":[],"encodeOffsets":[]}},{"type":"Feature","id":"469030","properties":{"name":"湾岭镇","cp":[109.9,19.1334],"childNum":0},"geometry":{"type":"Polygon","coordinates":[],"encodeOffsets":[]}},{"type":"Feature","id":"469030","properties":{"name":"中平镇","cp":[110.107,19.0716],"childNum":0},"geometry":{"type":"Polygon","coordinates":[],"encodeOffsets":[]}},{"type":"Feature","id":"469030","properties":{"name":"红毛镇","cp":[109.734,19.0657],"childNum":0},"geometry":{"type":"Polygon","coordinates":[],"encodeOffsets":[]}},{"type":"Feature","id":"469030","properties":{"name":"国营长征农场","cp":[109.899,18.9965],"childNum":0},"geometry":{"type":"Polygon","coordinates":[],"encodeOffsets":[]}},{"type":"Feature","id":"469030","properties":{"name":"黎母山镇","cp":[109.704,19.2577],"childNum":0},"geometry":{"type":"Polygon","coordinates":[],"encodeOffsets":[]}},{"type":"Feature","id":"469030","properties":{"name":"国营阳江农场","cp":[109.823,19.2127],"childNum":0},"geometry":{"type":"Polygon","coordinates":[],"encodeOffsets":[]}},{"type":"Feature","id":"469030","properties":{"name":"国营黎母山林业公司","cp":[109.703,19.1542],"childNum":0},"geometry":{"type":"Polygon","coordinates":[],"encodeOffsets":[]}},{"type":"Feature","id":"469030","properties":{"name":"长征镇","cp":[109.799,18.8976],"childNum":0},"geometry":{"type":"Polygon","coordinates":[],"encodeOffsets":[]}}],"UTF8Encoding":false}