{"type":"FeatureCollection","features":[{"type":"Feature","id":"469025","properties":{"name":"青松乡","cp":[109.302,19.0689],"childNum":0},"geometry":{"type":"Polygon","coordinates":[],"encodeOffsets":[]}},{"type":"Feature","id":"469025","properties":{"name":"金波乡","cp":[109.157,19.2577],"childNum":0},"geometry":{"type":"Polygon","coordinates":[],"encodeOffsets":[]}},{"type":"Feature","id":"469025","properties":{"name":"荣邦乡","cp":[109.064,19.4868],"childNum":0},"geometry":{"type":"Polygon","coordinates":[],"encodeOffsets":[]}},{"type":"Feature","id":"469025","properties":{"name":"邦溪镇","cp":[109.09,19.3912],"childNum":0},"geometry":{"type":"Polygon","coordinates":[],"encodeOffsets":[]}},{"type":"Feature","id":"469025","properties":{"name":"七坊镇","cp":[109.298,19.3459],"childNum":0},"geometry":{"type":"Polygon","coordinates":[],"encodeOffsets":[]}},{"type":"Feature","id":"469025","properties":{"name":"国营龙江农场","cp":[109.178,19.2369],"childNum":0},"geometry":{"type":"Polygon","coordinates":[],"encodeOffsets":[]}},{"type":"Feature","id":"469025","properties":{"name":"细水乡","cp":[109.523,19.2096],"childNum":0},"geometry":{"type":"Polygon","coordinates":[],"encodeOffsets":[]}},{"type":"Feature","id":"469025","properties":{"name":"元门乡","cp":[109.455,19.0981],"childNum":0},"geometry":{"type":"Polygon","coordinates":[],"encodeOffsets":[]}},{"type":"Feature","id":"469025","properties":{"name":"牙叉镇","cp":[109.45,19.3004],"childNum":0},"geometry":{"type":"Polygon","coordinates":[],"encodeOffsets":[]}},{"type":"Feature","id":"469025","properties":{"name":"打安镇","cp":[109.36,19.3756],"childNum":0},"geometry":{"type":"Polygon","coordinates":[],"encodeOffsets":[]}},{"type":"Feature","id":"469025","properties":{"name":"南开乡","cp":[109.293,19.0596],"childNum":0},"geometry":{"type":"Polygon","coordinates":[],"encodeOffsets":[]}},{"type":"Feature","id":"469025","properties":{"name":"国营白沙农场","cp":[109.429,19.2881],"childNum":0},"geometry":{"type":"Polygon","coordinates":[],"encodeOffsets":[]}},{"type":"Feature","id":"469025","properties":{"name":"阜龙乡","cp":[109.436,19.3316],"childNum":0},"geometry":{"type":"Polygon","coordinates":[],"encodeOffsets":[]}},{"type":"Feature","id":"469025","properties":{"name":"国营邦溪农场","cp":[109.18,19.4104],"childNum":0},"geometry":{"type":"Polygon","coordinates":[],"encodeOffsets":[]}}],"UTF8Encoding":false}