{"type":"FeatureCollection","features":[{"type":"Feature","id":"469028","properties":{"name":"文罗镇","cp":[109.914,18.5734],"childNum":0},"geometry":{"type":"Polygon","coordinates":[],"encodeOffsets":[]}},{"type":"Feature","id":"469028","properties":{"name":"本号镇","cp":[109.856,18.6617],"childNum":0},"geometry":{"type":"Polygon","coordinates":[],"encodeOffsets":[]}},{"type":"Feature","id":"469028","properties":{"name":"国营吊罗山林业公司","cp":[109.948,18.6553],"childNum":0},"geometry":{"type":"Polygon","coordinates":[],"encodeOffsets":[]}},{"type":"Feature","id":"469028","properties":{"name":"椰林镇","cp":[110.02,18.4825],"childNum":0},"geometry":{"type":"Polygon","coordinates":[],"encodeOffsets":[]}},{"type":"Feature","id":"469028","properties":{"name":"黎安镇","cp":[110.146,18.4342],"childNum":0},"geometry":{"type":"Polygon","coordinates":[],"encodeOffsets":[]}},{"type":"Feature","id":"469028","properties":{"name":"三才镇","cp":[109.963,18.4915],"childNum":0},"geometry":{"type":"Polygon","coordinates":[],"encodeOffsets":[]}},{"type":"Feature","id":"469028","properties":{"name":"隆广镇","cp":[109.858,18.4802],"childNum":0},"geometry":{"type":"Polygon","coordinates":[],"encodeOffsets":[]}},{"type":"Feature","id":"469028","properties":{"name":"群英乡","cp":[109.847,18.5697],"childNum":0},"geometry":{"type":"Polygon","coordinates":[],"encodeOffsets":[]}},{"type":"Feature","id":"469028","properties":{"name":"新村镇","cp":[110.026,18.446],"childNum":0},"geometry":{"type":"Polygon","coordinates":[],"encodeOffsets":[]}},{"type":"Feature","id":"469028","properties":{"name":"提蒙乡","cp":[110.013,18.6404],"childNum":0},"geometry":{"type":"Polygon","coordinates":[],"encodeOffsets":[]}},{"type":"Feature","id":"469028","properties":{"name":"国营南平农场","cp":[109.833,18.6336],"childNum":0},"geometry":{"type":"Polygon","coordinates":[],"encodeOffsets":[]}},{"type":"Feature","id":"469028","properties":{"name":"光坡镇","cp":[110.04,18.5564],"childNum":0},"geometry":{"type":"Polygon","coordinates":[],"encodeOffsets":[]}},{"type":"Feature","id":"469028","properties":{"name":"国营岭门农场","cp":[110.046,18.6244],"childNum":0},"geometry":{"type":"Polygon","coordinates":[],"encodeOffsets":[]}},{"type":"Feature","id":"469028","properties":{"name":"英州镇","cp":[109.876,18.4739],"childNum":0},"geometry":{"type":"Polygon","coordinates":[],"encodeOffsets":[]}}],"UTF8Encoding":false}