{"type":"FeatureCollection","features":[{"type":"Feature","id":"469024","properties":{"name":"博厚镇","cp":[109.716,19.893],"childNum":0},"geometry":{"type":"Polygon","coordinates":[],"encodeOffsets":[]}},{"type":"Feature","id":"469024","properties":{"name":"多文镇","cp":[109.802,19.7418],"childNum":0},"geometry":{"type":"Polygon","coordinates":[],"encodeOffsets":[]}},{"type":"Feature","id":"469024","properties":{"name":"调楼镇","cp":[109.61,19.9231],"childNum":0},"geometry":{"type":"Polygon","coordinates":[],"encodeOffsets":[]}},{"type":"Feature","id":"469024","properties":{"name":"国营加来农场","cp":[109.651,19.7591],"childNum":0},"geometry":{"type":"Polygon","coordinates":[],"encodeOffsets":[]}},{"type":"Feature","id":"469024","properties":{"name":"南宝镇","cp":[109.638,19.7516],"childNum":0},"geometry":{"type":"Polygon","coordinates":[],"encodeOffsets":[]}},{"type":"Feature","id":"469024","properties":{"name":"新盈镇","cp":[109.624,19.8719],"childNum":0},"geometry":{"type":"Polygon","coordinates":[],"encodeOffsets":[]}},{"type":"Feature","id":"469024","properties":{"name":"波莲镇","cp":[109.615,19.8555],"childNum":0},"geometry":{"type":"Polygon","coordinates":[],"encodeOffsets":[]}},{"type":"Feature","id":"469024","properties":{"name":"和舍镇","cp":[109.715,19.6717],"childNum":0},"geometry":{"type":"Polygon","coordinates":[],"encodeOffsets":[]}},{"type":"Feature","id":"469024","properties":{"name":"东英镇","cp":[109.613,19.9349],"childNum":0},"geometry":{"type":"Polygon","coordinates":[],"encodeOffsets":[]}},{"type":"Feature","id":"469024","properties":{"name":"临城镇","cp":[109.673,19.8932],"childNum":0},"geometry":{"type":"Polygon","coordinates":[],"encodeOffsets":[]}},{"type":"Feature","id":"469024","properties":{"name":"皇桐镇","cp":[109.816,19.8743],"childNum":0},"geometry":{"type":"Polygon","coordinates":[],"encodeOffsets":[]}},{"type":"Feature","id":"469024","properties":{"name":"国营红华农场","cp":[109.764,19.8244],"childNum":0},"geometry":{"type":"Polygon","coordinates":[],"encodeOffsets":[]}}],"UTF8Encoding":false}