{"type":"FeatureCollection","features":[{"type":"Feature","id":"469023","properties":{"name":"福山镇","cp":[109.919,19.7325],"childNum":0},"geometry":{"type":"Polygon","coordinates":[],"encodeOffsets":[]}},{"type":"Feature","id":"469023","properties":{"name":"金江镇","cp":[109.987,19.7817],"childNum":0},"geometry":{"type":"Polygon","coordinates":[],"encodeOffsets":[]}},{"type":"Feature","id":"469023","properties":{"name":"永发镇","cp":[110.186,19.6424],"childNum":0},"geometry":{"type":"Polygon","coordinates":[],"encodeOffsets":[]}},{"type":"Feature","id":"469023","properties":{"name":"中兴镇","cp":[109.938,19.5697],"childNum":0},"geometry":{"type":"Polygon","coordinates":[],"encodeOffsets":[]}},{"type":"Feature","id":"469023","properties":{"name":"文儒镇","cp":[110.121,19.6454],"childNum":0},"geometry":{"type":"Polygon","coordinates":[],"encodeOffsets":[]}},{"type":"Feature","id":"469023","properties":{"name":"桥头镇","cp":[109.931,19.9171],"childNum":0},"geometry":{"type":"Polygon","coordinates":[],"encodeOffsets":[]}},{"type":"Feature","id":"469023","properties":{"name":"老城镇","cp":[110.159,19.9529],"childNum":0},"geometry":{"type":"Polygon","coordinates":[],"encodeOffsets":[]}},{"type":"Feature","id":"469023","properties":{"name":"加乐镇","cp":[110.042,19.6276],"childNum":0},"geometry":{"type":"Polygon","coordinates":[],"encodeOffsets":[]}},{"type":"Feature","id":"469023","properties":{"name":"瑞溪镇","cp":[110.087,19.7731],"childNum":0},"geometry":{"type":"Polygon","coordinates":[],"encodeOffsets":[]}},{"type":"Feature","id":"469023","properties":{"name":"国营红岗农场","cp":[110.038,19.5642],"childNum":0},"geometry":{"type":"Polygon","coordinates":[],"encodeOffsets":[]}},{"type":"Feature","id":"469023","properties":{"name":"大丰镇","cp":[109.989,19.904],"childNum":0},"geometry":{"type":"Polygon","coordinates":[],"encodeOffsets":[]}},{"type":"Feature","id":"469023","properties":{"name":"仁兴镇","cp":[109.916,19.5062],"childNum":0},"geometry":{"type":"Polygon","coordinates":[],"encodeOffsets":[]}},{"type":"Feature","id":"469023","properties":{"name":"国营西达农场","cp":[109.862,19.4343],"childNum":0},"geometry":{"type":"Polygon","coordinates":[],"encodeOffsets":[]}},{"type":"Feature","id":"469023","properties":{"name":"国营昆仑农场","cp":[109.802,19.5127],"childNum":0},"geometry":{"type":"Polygon","coordinates":[],"encodeOffsets":[]}},{"type":"Feature","id":"469023","properties":{"name":"国营和岭农场","cp":[109.814,19.5367],"childNum":0},"geometry":{"type":"Polygon","coordinates":[],"encodeOffsets":[]}},{"type":"Feature","id":"469023","properties":{"name":"国营金安农场","cp":[110.123,19.7367],"childNum":0},"geometry":{"type":"Polygon","coordinates":[],"encodeOffsets":[]}},{"type":"Feature","id":"469023","properties":{"name":"国营红光农场","cp":[109.957,19.8731],"childNum":0},"geometry":{"type":"Polygon","coordinates":[],"encodeOffsets":[]}}],"UTF8Encoding":false}