{"type":"FeatureCollection","features":[{"type":"Feature","id":"469026","properties":{"name":"国营霸王岭林场","cp":[109.03,19.1725],"childNum":0},"geometry":{"type":"Polygon","coordinates":[],"encodeOffsets":[]}},{"type":"Feature","id":"469026","properties":{"name":"乌烈镇","cp":[108.81,19.3525],"childNum":0},"geometry":{"type":"Polygon","coordinates":[],"encodeOffsets":[]}},{"type":"Feature","id":"469026","properties":{"name":"叉河镇","cp":[108.989,19.2536],"childNum":0},"geometry":{"type":"Polygon","coordinates":[],"encodeOffsets":[]}},{"type":"Feature","id":"469026","properties":{"name":"十月田镇","cp":[108.989,19.3818],"childNum":0},"geometry":{"type":"Polygon","coordinates":[],"encodeOffsets":[]}},{"type":"Feature","id":"469026","properties":{"name":"昌化镇","cp":[108.732,19.3836],"childNum":0},"geometry":{"type":"Polygon","coordinates":[],"encodeOffsets":[]}},{"type":"Feature","id":"469026","properties":{"name":"海尾镇","cp":[108.952,19.4945],"childNum":0},"geometry":{"type":"Polygon","coordinates":[],"encodeOffsets":[]}},{"type":"Feature","id":"469026","properties":{"name":"石碌镇","cp":[109.05,19.2444],"childNum":0},"geometry":{"type":"Polygon","coordinates":[],"encodeOffsets":[]}},{"type":"Feature","id":"469026","properties":{"name":"国营红林农场","cp":[109.088,19.2367],"childNum":0},"geometry":{"type":"Polygon","coordinates":[],"encodeOffsets":[]}},{"type":"Feature","id":"469026","properties":{"name":"王下乡","cp":[109.094,18.9052],"childNum":0},"geometry":{"type":"Polygon","coordinates":[],"encodeOffsets":[]}},{"type":"Feature","id":"469026","properties":{"name":"七叉镇","cp":[109.069,19.1732],"childNum":0},"geometry":{"type":"Polygon","coordinates":[],"encodeOffsets":[]}},{"type":"Feature","id":"469026","properties":{"name":"海南矿业联合有限公司","cp":[108.989,19.2538],"childNum":0},"geometry":{"type":"Polygon","coordinates":[],"encodeOffsets":[]}}],"UTF8Encoding":false}