{"type":"FeatureCollection","features":[{"type":"Feature","id":"469006","properties":{"name":"山根镇","cp":[110.483,18.9946],"childNum":0},"geometry":{"type":"Polygon","coordinates":[],"encodeOffsets":[]}},{"type":"Feature","id":"469006","properties":{"name":"国营东和农场","cp":[110.217,18.7629],"childNum":0},"geometry":{"type":"Polygon","coordinates":[],"encodeOffsets":[]}},{"type":"Feature","id":"469006","properties":{"name":"国营东兴农场","cp":[110.375,18.894],"childNum":0},"geometry":{"type":"Polygon","coordinates":[],"encodeOffsets":[]}},{"type":"Feature","id":"469006","properties":{"name":"大茂镇","cp":[110.39,18.8759],"childNum":0},"geometry":{"type":"Polygon","coordinates":[],"encodeOffsets":[]}},{"type":"Feature","id":"469006","properties":{"name":"和乐镇","cp":[110.416,18.9625],"childNum":0},"geometry":{"type":"Polygon","coordinates":[],"encodeOffsets":[]}},{"type":"Feature","id":"469006","properties":{"name":"后安镇","cp":[110.374,18.9087],"childNum":0},"geometry":{"type":"Polygon","coordinates":[],"encodeOffsets":[]}},{"type":"Feature","id":"469006","properties":{"name":"礼纪镇","cp":[110.269,18.7354],"childNum":0},"geometry":{"type":"Polygon","coordinates":[],"encodeOffsets":[]}},{"type":"Feature","id":"469006","properties":{"name":"万城镇","cp":[110.414,18.8276],"childNum":0},"geometry":{"type":"Polygon","coordinates":[],"encodeOffsets":[]}},{"type":"Feature","id":"469006","properties":{"name":"三更罗镇","cp":[110.214,18.9979],"childNum":0},"geometry":{"type":"Polygon","coordinates":[],"encodeOffsets":[]}},{"type":"Feature","id":"469006","properties":{"name":"长丰镇","cp":[110.321,18.7876],"childNum":0},"geometry":{"type":"Polygon","coordinates":[],"encodeOffsets":[]}},{"type":"Feature","id":"469006","properties":{"name":"南桥镇","cp":[110.196,18.7201],"childNum":0},"geometry":{"type":"Polygon","coordinates":[],"encodeOffsets":[]}},{"type":"Feature","id":"469006","properties":{"name":"地方国营六连林场","cp":[110.505,18.9899],"childNum":0},"geometry":{"type":"Polygon","coordinates":[],"encodeOffsets":[]}},{"type":"Feature","id":"469006","properties":{"name":"国营新中农场","cp":[110.17,18.6967],"childNum":0},"geometry":{"type":"Polygon","coordinates":[],"encodeOffsets":[]}},{"type":"Feature","id":"469006","properties":{"name":"东澳镇","cp":[110.429,18.6408],"childNum":0},"geometry":{"type":"Polygon","coordinates":[],"encodeOffsets":[]}},{"type":"Feature","id":"469006","properties":{"name":"兴隆华侨农场","cp":[110.106,18.8195],"childNum":0},"geometry":{"type":"Polygon","coordinates":[],"encodeOffsets":[]}},{"type":"Feature","id":"469006","properties":{"name":"龙滚镇","cp":[110.451,19.0536],"childNum":0},"geometry":{"type":"Polygon","coordinates":[],"encodeOffsets":[]}},{"type":"Feature","id":"469006","properties":{"name":"北大镇","cp":[110.24,18.9316],"childNum":0},"geometry":{"type":"Polygon","coordinates":[],"encodeOffsets":[]}}],"UTF8Encoding":false}