{"type":"FeatureCollection","features":[{"type":"Feature","id":"659009","properties":{"name":"乌尔其乡","cp":[79.5866,37.332],"childNum":0},"geometry":{"type":"Polygon","coordinates":[],"encodeOffsets":[]}},{"type":"Feature","id":"659009","properties":{"name":"兵团二二四团","cp":[79.3401,37.416],"childNum":0},"geometry":{"type":"Polygon","coordinates":[],"encodeOffsets":[]}},{"type":"Feature","id":"659009","properties":{"name":"兵团四十七团","cp":[79.6039,37.3666],"childNum":0},"geometry":{"type":"Polygon","coordinates":[],"encodeOffsets":[]}},{"type":"Feature","id":"659009","properties":{"name":"阔依其乡","cp":[79.6876,37.3691],"childNum":0},"geometry":{"type":"Polygon","coordinates":[],"encodeOffsets":[]}},{"type":"Feature","id":"659009","properties":{"name":"博斯坦乡","cp":[81.3298,36.4124],"childNum":0},"geometry":{"type":"Polygon","coordinates":[],"encodeOffsets":[]}},{"type":"Feature","id":"659009","properties":{"name":"普恰克其乡","cp":[79.783,37.5805],"childNum":0},"geometry":{"type":"Polygon","coordinates":[],"encodeOffsets":[]}},{"type":"Feature","id":"659009","properties":{"name":"奴尔乡","cp":[81.0072,36.2605],"childNum":0},"geometry":{"type":"Polygon","coordinates":[],"encodeOffsets":[]}},{"type":"Feature","id":"659009","properties":{"name":"喀拉喀什镇","cp":[79.7678,37.2867],"childNum":0},"geometry":{"type":"Polygon","coordinates":[],"encodeOffsets":[]}},{"type":"Feature","id":"659009","properties":{"name":"乌鲁克萨依乡","cp":[80.8148,36.2925],"childNum":0},"geometry":{"type":"Polygon","coordinates":[],"encodeOffsets":[]}},{"type":"Feature","id":"659009","properties":{"name":"兵团一牧场","cp":[81.0295,36.3152],"childNum":0},"geometry":{"type":"Polygon","coordinates":[],"encodeOffsets":[]}},{"type":"Feature","id":"659009","properties":{"name":"兵团皮山农场","cp":[78.5171,37.563],"childNum":0},"geometry":{"type":"Polygon","coordinates":[],"encodeOffsets":[]}}],"UTF8Encoding":false}