{"type":"FeatureCollection","features":[{"type":"Feature","id":"659008","properties":{"name":"兵团六十六团","cp":[81.086,43.9599],"childNum":0},"geometry":{"type":"Polygon","coordinates":[],"encodeOffsets":[]}},{"type":"Feature","id":"659008","properties":{"name":"都拉塔口岸","cp":[80.6882,43.7131],"childNum":0},"geometry":{"type":"Polygon","coordinates":[],"encodeOffsets":[]}},{"type":"Feature","id":"659008","properties":{"name":"兵团六十八团","cp":[80.9903,43.8897],"childNum":0},"geometry":{"type":"Polygon","coordinates":[],"encodeOffsets":[]}},{"type":"Feature","id":"659008","properties":{"name":"兵团六十四团","cp":[80.6749,44.0986],"childNum":0},"geometry":{"type":"Polygon","coordinates":[],"encodeOffsets":[]}},{"type":"Feature","id":"659008","properties":{"name":"兵团六十三团","cp":[80.4844,43.931],"childNum":0},"geometry":{"type":"Polygon","coordinates":[],"encodeOffsets":[]}},{"type":"Feature","id":"659008","properties":{"name":"兵团六十七团","cp":[80.6068,43.7652],"childNum":0},"geometry":{"type":"Polygon","coordinates":[],"encodeOffsets":[]}}],"UTF8Encoding":false}