{"type":"FeatureCollection","features":[{"type":"Feature","id":"659001","properties":{"name":"石河子乡","cp":[86.1022,44.1352],"childNum":0},"geometry":{"type":"Polygon","coordinates":[],"encodeOffsets":[]}},{"type":"Feature","id":"659001","properties":{"name":"兵团一五二团","cp":[86.0704,44.2827],"childNum":0},"geometry":{"type":"Polygon","coordinates":[],"encodeOffsets":[]}},{"type":"Feature","id":"659001","properties":{"name":"向阳街道","cp":[86.0397,44.3429],"childNum":0},"geometry":{"type":"Polygon","coordinates":[],"encodeOffsets":[]}},{"type":"Feature","id":"659001","properties":{"name":"红山街道","cp":[86.048,44.2682],"childNum":0},"geometry":{"type":"Polygon","coordinates":[],"encodeOffsets":[]}},{"type":"Feature","id":"659001","properties":{"name":"北泉镇","cp":[86.0983,44.4346],"childNum":0},"geometry":{"type":"Polygon","coordinates":[],"encodeOffsets":[]}},{"type":"Feature","id":"659001","properties":{"name":"老街街道","cp":[85.9909,44.3496],"childNum":0},"geometry":{"type":"Polygon","coordinates":[],"encodeOffsets":[]}}],"UTF8Encoding":false}