{"type":"FeatureCollection","features":[{"type":"Feature","id":"659005","properties":{"name":"兵团一八七团","cp":[87.761,47.1948],"childNum":0},"geometry":{"type":"Polygon","coordinates":[],"encodeOffsets":[]}},{"type":"Feature","id":"659005","properties":{"name":"兵团一八三团","cp":[88.1187,47.1285],"childNum":0},"geometry":{"type":"Polygon","coordinates":[],"encodeOffsets":[]}},{"type":"Feature","id":"659005","properties":{"name":"兵团一八八团","cp":[87.5186,47.4099],"childNum":0},"geometry":{"type":"Polygon","coordinates":[],"encodeOffsets":[]}},{"type":"Feature","id":"659005","properties":{"name":"北屯镇","cp":[87.7224,47.4017],"childNum":0},"geometry":{"type":"Polygon","coordinates":[],"encodeOffsets":[]}}],"UTF8Encoding":false}