{"type":"FeatureCollection","features":[{"type":"Feature","id":"659003","properties":{"name":"兵团图木舒克市喀拉拜勒镇","cp":[79.0112,39.8526],"childNum":0},"geometry":{"type":"Polygon","coordinates":[],"encodeOffsets":[]}},{"type":"Feature","id":"659003","properties":{"name":"兵团五十一团","cp":[79.2902,39.9888],"childNum":0},"geometry":{"type":"Polygon","coordinates":[],"encodeOffsets":[]}},{"type":"Feature","id":"659003","properties":{"name":"前海街道","cp":[79.0778,39.855],"childNum":0},"geometry":{"type":"Polygon","coordinates":[],"encodeOffsets":[]}},{"type":"Feature","id":"659003","properties":{"name":"永安坝街道","cp":[79.0229,39.8507],"childNum":0},"geometry":{"type":"Polygon","coordinates":[],"encodeOffsets":[]}},{"type":"Feature","id":"659003","properties":{"name":"兵团图木舒克市永安坝","cp":[79.0133,39.8385],"childNum":0},"geometry":{"type":"Polygon","coordinates":[],"encodeOffsets":[]}},{"type":"Feature","id":"659003","properties":{"name":"兵团四十九团","cp":[78.756,39.8224],"childNum":0},"geometry":{"type":"Polygon","coordinates":[],"encodeOffsets":[]}},{"type":"Feature","id":"659003","properties":{"name":"兵团五十三团","cp":[79.3214,40.0318],"childNum":0},"geometry":{"type":"Polygon","coordinates":[],"encodeOffsets":[]}},{"type":"Feature","id":"659003","properties":{"name":"兵团四十四团","cp":[79.1926,39.9168],"childNum":0},"geometry":{"type":"Polygon","coordinates":[],"encodeOffsets":[]}},{"type":"Feature","id":"659003","properties":{"name":"兵团五十团","cp":[79.2315,39.9549],"childNum":0},"geometry":{"type":"Polygon","coordinates":[],"encodeOffsets":[]}},{"type":"Feature","id":"659003","properties":{"name":"齐干却勒街道","cp":[79.0906,39.8753],"childNum":0},"geometry":{"type":"Polygon","coordinates":[],"encodeOffsets":[]}}],"UTF8Encoding":false}