{"type":"FeatureCollection","features":[{"type":"Feature","id":"659002","properties":{"name":"阿拉尔农场","cp":[81.0627,40.5567],"childNum":0},"geometry":{"type":"Polygon","coordinates":[],"encodeOffsets":[]}},{"type":"Feature","id":"659002","properties":{"name":"兵团七团","cp":[80.6543,40.6569],"childNum":0},"geometry":{"type":"Polygon","coordinates":[],"encodeOffsets":[]}},{"type":"Feature","id":"659002","properties":{"name":"托喀依乡","cp":[81.3541,40.5818],"childNum":0},"geometry":{"type":"Polygon","coordinates":[],"encodeOffsets":[]}},{"type":"Feature","id":"659002","properties":{"name":"幸福路街道","cp":[81.2681,40.577],"childNum":0},"geometry":{"type":"Polygon","coordinates":[],"encodeOffsets":[]}},{"type":"Feature","id":"659002","properties":{"name":"兵团十一团","cp":[81.5619,40.6277],"childNum":0},"geometry":{"type":"Polygon","coordinates":[],"encodeOffsets":[]}},{"type":"Feature","id":"659002","properties":{"name":"中心监狱","cp":[81.2766,40.6692],"childNum":0},"geometry":{"type":"Polygon","coordinates":[],"encodeOffsets":[]}},{"type":"Feature","id":"659002","properties":{"name":"兵团十四团","cp":[81.8688,40.9423],"childNum":0},"geometry":{"type":"Polygon","coordinates":[],"encodeOffsets":[]}},{"type":"Feature","id":"659002","properties":{"name":"兵团第一师塔里木灌区水利管理处","cp":[81.2876,40.5454],"childNum":0},"geometry":{"type":"Polygon","coordinates":[],"encodeOffsets":[]}},{"type":"Feature","id":"659002","properties":{"name":"金银川路街道","cp":[81.2613,40.5355],"childNum":0},"geometry":{"type":"Polygon","coordinates":[],"encodeOffsets":[]}},{"type":"Feature","id":"659002","properties":{"name":"兵团十二团","cp":[81.1109,40.4977],"childNum":0},"geometry":{"type":"Polygon","coordinates":[],"encodeOffsets":[]}},{"type":"Feature","id":"659002","properties":{"name":"兵团八团","cp":[80.7996,40.5973],"childNum":0},"geometry":{"type":"Polygon","coordinates":[],"encodeOffsets":[]}},{"type":"Feature","id":"659002","properties":{"name":"青松路街道","cp":[81.2545,40.542],"childNum":0},"geometry":{"type":"Polygon","coordinates":[],"encodeOffsets":[]}},{"type":"Feature","id":"659002","properties":{"name":"兵团第一师水利水电工程处","cp":[81.2858,40.5496],"childNum":0},"geometry":{"type":"Polygon","coordinates":[],"encodeOffsets":[]}},{"type":"Feature","id":"659002","properties":{"name":"兵团第一师幸福农场","cp":[80.9904,40.7025],"childNum":0},"geometry":{"type":"Polygon","coordinates":[],"encodeOffsets":[]}},{"type":"Feature","id":"659002","properties":{"name":"兵团十六团","cp":[80.7871,40.4163],"childNum":0},"geometry":{"type":"Polygon","coordinates":[],"encodeOffsets":[]}},{"type":"Feature","id":"659002","properties":{"name":"兵团十三团","cp":[81.4734,40.5742],"childNum":0},"geometry":{"type":"Polygon","coordinates":[],"encodeOffsets":[]}},{"type":"Feature","id":"659002","properties":{"name":"南口街道","cp":[81.2988,40.5154],"childNum":0},"geometry":{"type":"Polygon","coordinates":[],"encodeOffsets":[]}},{"type":"Feature","id":"659002","properties":{"name":"兵团十团","cp":[81.259,40.6387],"childNum":0},"geometry":{"type":"Polygon","coordinates":[],"encodeOffsets":[]}}],"UTF8Encoding":false}