﻿{
  "type": "FeatureCollection",
  "features": [
    {
      "type": "Feature",
      "properties": {
        "name": "北塘区",
        "id": "320204",
        "cp": [
          120.26,
          31.61
        ]
      },
      "geometry": {
        "type": "MultiPolygon",
        "coordinates": [
          [
            [
              [
                120.30326296875,
                31.5979274726563
              ],
              [
                120.287345,
                31.573843
              ],
              [
                120.277345,
                31.573843
              ],
              [
                120.277345,
                31.5838430000001
              ],
              [
                120.237345,
                31.5838430000001
              ],
              [
                120.237345,
                31.593843
              ],
              [
                120.242672148438,
                31.6251979804688
              ],
              [
                120.272379179688,
                31.6295876289063
              ],
              [
                120.307345,
                31.6238430000001
              ],
              [
                120.307345,
                31.613843
              ],
              [
                120.30326296875,
                31.5979274726563
              ]
            ]
          ]
        ]
      }
    },
    {
      "type": "Feature",
      "properties": {
        "name": "滨湖区",
        "id": "320211"
      },
      "geometry": {
        "type": "MultiPolygon",
        "coordinates": [
          [
            [
              [
                120.237345,
                31.593843
              ],
              [
                120.237345,
                31.5838430000001
              ],
              [
                120.277345,
                31.5838430000001
              ],
              [
                120.277345,
                31.573843
              ],
              [
                120.282882109375,
                31.5591091132813
              ],
              [
                120.2818371875,
                31.5488430000001
              ],
              [
                120.283209257813,
                31.535356671875
              ],
              [
                120.315592070313,
                31.5093044257813
              ],
              [
                120.341881132813,
                31.5537087226563
              ],
              [
                120.307345,
                31.563843
              ],
              [
                120.3119153125,
                31.5864821601563
              ],
              [
                120.337345,
                31.573843
              ],
              [
                120.372310820313,
                31.5795876289063
              ],
              [
                120.382345,
                31.5781032539063
              ],
              [
                120.423873320313,
                31.5842409492188
              ],
              [
                120.459127226563,
                31.5570314765626
              ],
              [
                120.473175078125,
                31.5088430000001
              ],
              [
                120.459014921875,
                31.4602736640625
              ],
              [
                120.467345,
                31.453843
              ],
              [
                120.461954375,
                31.4473537421875
              ],
              [
                120.420245390625,
                31.4516042304687
              ],
              [
                120.337047148438,
                31.4155251289063
              ],
              [
                120.327345,
                31.403843
              ],
              [
                120.214088164063,
                31.347173078125
              ],
              [
                120.207345,
                31.333843
              ],
              [
                120.186846953125,
                31.3276711250001
              ],
              [
                120.127345,
                31.293843
              ],
              [
                120.097345,
                31.333843
              ],
              [
                120.093443632813,
                31.3499391914063
              ],
              [
                120.044019804688,
                31.3590822578126
              ],
              [
                120.033443632813,
                31.3921388984375
              ],
              [
                120.056514921875,
                31.4447585273438
              ],
              [
                120.10084109375,
                31.4603493476563
              ],
              [
                120.117393828125,
                31.5074098945313
              ],
              [
                120.101246367188,
                31.5177468085938
              ],
              [
                120.097345,
                31.5538430000001
              ],
              [
                120.102628203125,
                31.5585622382813
              ],
              [
                120.129307890625,
                31.5884255195313
              ],
              [
                120.172310820313,
                31.5583888984375
              ],
              [
                120.192061796875,
                31.5691237617188
              ],
              [
                120.2126575,
                31.5785768867188
              ],
              [
                120.2120325,
                31.5891188789063
              ],
              [
                120.237345,
                31.593843
              ]
            ]
          ]
        ]
      }
    },
    {
      "type": "Feature",
      "properties": {
        "name": "崇安区",
        "id": "320202"
      },
      "geometry": {
        "type": "MultiPolygon",
        "coordinates": [
          [
            [
              [
                120.343194609375,
                31.6094606757813
              ],
              [
                120.337345,
                31.573843
              ],
              [
                120.3119153125,
                31.5864821601563
              ],
              [
                120.307345,
                31.563843
              ],
              [
                120.287345,
                31.573843
              ],
              [
                120.30326296875,
                31.5979274726563
              ],
              [
                120.307345,
                31.613843
              ],
              [
                120.343194609375,
                31.6094606757813
              ]
            ]
          ]
        ]
      }
    },
    {
      "type": "Feature",
      "properties": {
        "name": "惠山区",
        "id": "320206"
      },
      "geometry": {
        "type": "MultiPolygon",
        "coordinates": [
          [
            [
              [
                120.197345,
                31.753843
              ],
              [
                120.202271757813,
                31.7268288398438
              ],
              [
                120.247511015625,
                31.73046409375
              ],
              [
                120.27271609375,
                31.7192140937501
              ],
              [
                120.2866028125,
                31.7030983710938
              ],
              [
                120.377345,
                31.693843
              ],
              [
                120.386534453125,
                31.674575421875
              ],
              [
                120.363804960938,
                31.6573830390625
              ],
              [
                120.339820585938,
                31.6499733710938
              ],
              [
                120.347896757813,
                31.6303713203126
              ],
              [
                120.317735625,
                31.6428029609375
              ],
              [
                120.307345,
                31.6238430000001
              ],
              [
                120.272379179688,
                31.6295876289063
              ],
              [
                120.242672148438,
                31.6251979804688
              ],
              [
                120.237345,
                31.593843
              ],
              [
                120.2120325,
                31.5891188789063
              ],
              [
                120.2126575,
                31.5785768867188
              ],
              [
                120.192061796875,
                31.5691237617188
              ],
              [
                120.172310820313,
                31.5583888984375
              ],
              [
                120.129307890625,
                31.5884255195313
              ],
              [
                120.102628203125,
                31.5585622382813
              ],
              [
                120.097345,
                31.5538430000001
              ],
              [
                120.053492460938,
                31.5595803046876
              ],
              [
                120.051397734375,
                31.5856423164063
              ],
              [
                120.11271609375,
                31.6384719062501
              ],
              [
                120.12197390625,
                31.6792140937501
              ],
              [
                120.14025515625,
                31.6949636054688
              ],
              [
                120.152764921875,
                31.7635671210938
              ],
              [
                120.197345,
                31.753843
              ]
            ]
          ]
        ]
      }
    },
    {
      "type": "Feature",
      "properties": {
        "name": "江阴市",
        "id": "320281"
      },
      "geometry": {
        "type": "MultiPolygon",
        "coordinates": [
          [
            [
              [
                120.383565703125,
                31.9292897773438
              ],
              [
                120.380426054688,
                31.9152883125
              ],
              [
                120.455357695313,
                31.8890236640625
              ],
              [
                120.489176054688,
                31.8656740546876
              ],
              [
                120.50142703125,
                31.8479274726563
              ],
              [
                120.526158476563,
                31.83085471875
              ],
              [
                120.518204375,
                31.795376203125
              ],
              [
                120.552345,
                31.7877223945313
              ],
              [
                120.57900515625,
                31.7936989570313
              ],
              [
                120.5957434375,
                31.753843
              ],
              [
                120.587345,
                31.7338430000001
              ],
              [
                120.577345,
                31.7338430000001
              ],
              [
                120.577345,
                31.723843
              ],
              [
                120.513585234375,
                31.73011253125
              ],
              [
                120.490377226563,
                31.7171633125
              ],
              [
                120.39197390625,
                31.69921409375
              ],
              [
                120.377345,
                31.693843
              ],
              [
                120.2866028125,
                31.7030983710938
              ],
              [
                120.27271609375,
                31.7192140937501
              ],
              [
                120.247511015625,
                31.73046409375
              ],
              [
                120.202271757813,
                31.7268288398438
              ],
              [
                120.197345,
                31.753843
              ],
              [
                120.161500273438,
                31.8288991523438
              ],
              [
                120.172896757813,
                31.8482888007813
              ],
              [
                120.181793242188,
                31.8779616523438
              ],
              [
                120.074053984375,
                31.8471974921876
              ],
              [
                120.037345,
                31.823843
              ],
              [
                120.022345,
                31.8312990546876
              ],
              [
                120.007345,
                31.823843
              ],
              [
                119.995909453125,
                31.8311647773437
              ],
              [
                119.990811796875,
                31.849301984375
              ],
              [
                120.007862578125,
                31.874204328125
              ],
              [
                119.998345976563,
                31.9080812812501
              ],
              [
                120.01396609375,
                31.9180812812501
              ],
              [
                120.003580351563,
                31.9550319648438
              ],
              [
                120.017345,
                31.9638430000001
              ],
              [
                120.052535429688,
                31.9590334296876
              ],
              [
                120.195924101563,
                31.9290334296875
              ],
              [
                120.255865507813,
                31.9414040351563
              ],
              [
                120.367345,
                31.993843
              ],
              [
                120.37142703125,
                31.9479274726563
              ],
              [
                120.383565703125,
                31.9292897773438
              ]
            ]
          ]
        ]
      }
    },
    {
      "type": "Feature",
      "properties": {
        "name": "南长区",
        "id": "320203"
      },
      "geometry": {
        "type": "MultiPolygon",
        "coordinates": [
          [
            [
              [
                120.341881132813,
                31.5537087226563
              ],
              [
                120.315592070313,
                31.5093044257813
              ],
              [
                120.283209257813,
                31.535356671875
              ],
              [
                120.2818371875,
                31.5488430000001
              ],
              [
                120.282882109375,
                31.5591091132813
              ],
              [
                120.277345,
                31.573843
              ],
              [
                120.287345,
                31.573843
              ],
              [
                120.307345,
                31.563843
              ],
              [
                120.341881132813,
                31.5537087226563
              ]
            ]
          ]
        ]
      }
    },
    {
      "type": "Feature",
      "properties": {
        "name": "锡山区",
        "id": "320205",
        "cp": [
          120.48,
          31.62
        ]
      },
      "geometry": {
        "type": "MultiPolygon",
        "coordinates": [
          [
            [
              [
                120.588912382813,
                31.6470607734375
              ],
              [
                120.593170195313,
                31.6182643867188
              ],
              [
                120.53298953125,
                31.5963088203125
              ],
              [
                120.551871367188,
                31.5780348945313
              ],
              [
                120.59056765625,
                31.5837526679688
              ],
              [
                120.597345,
                31.5438430000001
              ],
              [
                120.592935820313,
                31.5280153632813
              ],
              [
                120.581773710938,
                31.5296657539063
              ],
              [
                120.572916289063,
                31.5080202460938
              ],
              [
                120.543604765625,
                31.5123513007813
              ],
              [
                120.541607695313,
                31.498843
              ],
              [
                120.544615507813,
                31.4784938789063
              ],
              [
                120.49298953125,
                31.45819846875
              ],
              [
                120.467345,
                31.453843
              ],
              [
                120.459014921875,
                31.4602736640625
              ],
              [
                120.473175078125,
                31.5088430000001
              ],
              [
                120.459127226563,
                31.5570314765626
              ],
              [
                120.423873320313,
                31.5842409492188
              ],
              [
                120.382345,
                31.5781032539063
              ],
              [
                120.372310820313,
                31.5795876289063
              ],
              [
                120.337345,
                31.573843
              ],
              [
                120.343194609375,
                31.6094606757813
              ],
              [
                120.307345,
                31.613843
              ],
              [
                120.307345,
                31.6238430000001
              ],
              [
                120.317735625,
                31.6428029609375
              ],
              [
                120.347896757813,
                31.6303713203126
              ],
              [
                120.339820585938,
                31.6499733710938
              ],
              [
                120.363804960938,
                31.6573830390625
              ],
              [
                120.386534453125,
                31.674575421875
              ],
              [
                120.377345,
                31.693843
              ],
              [
                120.39197390625,
                31.69921409375
              ],
              [
                120.490377226563,
                31.7171633125
              ],
              [
                120.513585234375,
                31.73011253125
              ],
              [
                120.577345,
                31.723843
              ],
              [
                120.58170046875,
                31.71819846875
              ],
              [
                120.595299101563,
                31.7077028632813
              ],
              [
                120.565416289063,
                31.6846364570313
              ],
              [
                120.561519804688,
                31.6582717109375
              ],
              [
                120.588912382813,
                31.6470607734375
              ]
            ]
          ]
        ]
      }
    },
    {
      "type": "Feature",
      "properties": {
        "name": "宜兴市",
        "id": "320282"
      },
      "geometry": {
        "type": "MultiPolygon",
        "coordinates": [
          [
            [
              [
                119.70298953125,
                31.5794875312501
              ],
              [
                119.711773710938,
                31.5580202460938
              ],
              [
                119.73369265625,
                31.5612575507813
              ],
              [
                119.80298953125,
                31.54948753125
              ],
              [
                119.83009890625,
                31.5331325507813
              ],
              [
                119.87205203125,
                31.54962425
              ],
              [
                119.882345,
                31.5481032539063
              ],
              [
                119.926124296875,
                31.5545729804687
              ],
              [
                119.96298953125,
                31.5394875312501
              ],
              [
                119.976202421875,
                31.5071974921876
              ],
              [
                119.99673953125,
                31.51022971875
              ],
              [
                120.04170046875,
                31.4918288398437
              ],
              [
                120.03298953125,
                31.42819846875
              ],
              [
                120.01298953125,
                31.3773244453125
              ],
              [
                120.0462121875,
                31.3425295234376
              ],
              [
                120.097345,
                31.333843
              ],
              [
                120.127345,
                31.293843
              ],
              [
                120.09271609375,
                31.27847190625
              ],
              [
                120.010181914063,
                31.2560060859375
              ],
              [
                119.933443632813,
                31.1925295234375
              ],
              [
                119.917345,
                31.173843
              ],
              [
                119.877642851563,
                31.1673220039063
              ],
              [
                119.825928984375,
                31.1749636054688
              ],
              [
                119.808878203125,
                31.152876203125
              ],
              [
                119.7727746875,
                31.1796462226562
              ],
              [
                119.712686796875,
                31.170766828125
              ],
              [
                119.699400664063,
                31.1535524726563
              ],
              [
                119.665289335938,
                31.1741335273438
              ],
              [
                119.65298953125,
                31.15819846875
              ],
              [
                119.64170046875,
                31.1494875312501
              ],
              [
                119.63298953125,
                31.1381984687501
              ],
              [
                119.617345,
                31.133843
              ],
              [
                119.579073515625,
                31.1097243476563
              ],
              [
                119.55373171875,
                31.14022971875
              ],
              [
                119.531881132813,
                31.1583815742188
              ],
              [
                119.527345,
                31.1638430000001
              ],
              [
                119.551773710938,
                31.2029811835937
              ],
              [
                119.53197390625,
                31.23847190625
              ],
              [
                119.519893828125,
                31.3177443671875
              ],
              [
                119.533316679688,
                31.3917702460938
              ],
              [
                119.5319153125,
                31.4091677070313
              ],
              [
                119.54271609375,
                31.4184719062501
              ],
              [
                119.55197390625,
                31.42921409375
              ],
              [
                119.57271609375,
                31.43847190625
              ],
              [
                119.59197390625,
                31.4550856757813
              ],
              [
                119.5619153125,
                31.4684963203125
              ],
              [
                119.563150664063,
                31.483843
              ],
              [
                119.5619153125,
                31.4991677070313
              ],
              [
                119.581304960938,
                31.5158693671875
              ],
              [
                119.607345,
                31.563843
              ],
              [
                119.630699492188,
                31.5693434882813
              ],
              [
                119.643990507813,
                31.6083425117188
              ],
              [
                119.667345,
                31.613843
              ],
              [
                119.67170046875,
                31.60819846875
              ],
              [
                119.68298953125,
                31.59948753125
              ],
              [
                119.69170046875,
                31.58819846875
              ],
              [
                119.70298953125,
                31.5794875312501
              ]
            ]
          ]
        ]
      }
    }
  ]
}
