{"type":"FeatureCollection","features":[{"type":"Feature","id":"469022","properties":{"name":"南吕镇","cp":[110.05,19.2222],"childNum":0},"geometry":{"type":"Polygon","coordinates":[],"encodeOffsets":[]}},{"type":"Feature","id":"469022","properties":{"name":"坡心镇","cp":[110.11,19.3302],"childNum":0},"geometry":{"type":"Polygon","coordinates":[],"encodeOffsets":[]}},{"type":"Feature","id":"469022","properties":{"name":"新兴镇","cp":[110.154,19.5707],"childNum":0},"geometry":{"type":"Polygon","coordinates":[],"encodeOffsets":[]}},{"type":"Feature","id":"469022","properties":{"name":"西昌镇","cp":[110.024,19.4428],"childNum":0},"geometry":{"type":"Polygon","coordinates":[],"encodeOffsets":[]}},{"type":"Feature","id":"469022","properties":{"name":"屯城镇","cp":[110.161,19.4468],"childNum":0},"geometry":{"type":"Polygon","coordinates":[],"encodeOffsets":[]}},{"type":"Feature","id":"469022","properties":{"name":"国营中建农场","cp":[109.966,19.2466],"childNum":0},"geometry":{"type":"Polygon","coordinates":[],"encodeOffsets":[]}},{"type":"Feature","id":"469022","properties":{"name":"枫木镇","cp":[109.994,19.1901],"childNum":0},"geometry":{"type":"Polygon","coordinates":[],"encodeOffsets":[]}},{"type":"Feature","id":"469022","properties":{"name":"南坤镇","cp":[109.857,19.2939],"childNum":0},"geometry":{"type":"Polygon","coordinates":[],"encodeOffsets":[]}},{"type":"Feature","id":"469022","properties":{"name":"国营中坤农场","cp":[109.855,19.2944],"childNum":0},"geometry":{"type":"Polygon","coordinates":[],"encodeOffsets":[]}},{"type":"Feature","id":"469022","properties":{"name":"乌坡镇","cp":[110.093,19.1953],"childNum":0},"geometry":{"type":"Polygon","coordinates":[],"encodeOffsets":[]}}],"UTF8Encoding":false}