{"type":"FeatureCollection","features":[{"type":"Feature","id":"620200","properties":{"name":"镜铁区","cp":[98.3342,39.7378],"childNum":0},"geometry":{"type":"Polygon","coordinates":[],"encodeOffsets":[]}},{"type":"Feature","id":"620200","properties":{"name":"峪泉镇","cp":[98.3204,39.9583],"childNum":0},"geometry":{"type":"Polygon","coordinates":[],"encodeOffsets":[]}},{"type":"Feature","id":"620200","properties":{"name":"雄关区","cp":[98.317,39.8839],"childNum":0},"geometry":{"type":"Polygon","coordinates":[],"encodeOffsets":[]}},{"type":"Feature","id":"620200","properties":{"name":"新城镇","cp":[98.3627,39.9581],"childNum":0},"geometry":{"type":"Polygon","coordinates":[],"encodeOffsets":[]}},{"type":"Feature","id":"620200","properties":{"name":"长城区","cp":[98.255,39.8552],"childNum":0},"geometry":{"type":"Polygon","coordinates":[],"encodeOffsets":[]}},{"type":"Feature","id":"620200","properties":{"name":"文殊镇","cp":[98.1579,39.6969],"childNum":0},"geometry":{"type":"Polygon","coordinates":[],"encodeOffsets":[]}}],"UTF8Encoding":false}