{"type":"FeatureCollection","features":[{"type":"Feature","id":"659007","properties":{"name":"兵团八十九团","cp":[82.2853,45.0582],"childNum":0},"geometry":{"type":"Polygon","coordinates":[],"encodeOffsets":[]}},{"type":"Feature","id":"659007","properties":{"name":"兵团九十团","cp":[82.6473,44.7651],"childNum":0},"geometry":{"type":"Polygon","coordinates":[],"encodeOffsets":[]}},{"type":"Feature","id":"659007","properties":{"name":"兵团八十四团","cp":[82.215,45.1246],"childNum":0},"geometry":{"type":"Polygon","coordinates":[],"encodeOffsets":[]}},{"type":"Feature","id":"659007","properties":{"name":"兵团八十六团","cp":[82.1787,44.8089],"childNum":0},"geometry":{"type":"Polygon","coordinates":[],"encodeOffsets":[]}},{"type":"Feature","id":"659007","properties":{"name":"兵团八十一团","cp":[82.4908,44.7469],"childNum":0},"geometry":{"type":"Polygon","coordinates":[],"encodeOffsets":[]}}],"UTF8Encoding":false}