{"type":"FeatureCollection","features":[{"type":"Feature","id":"659004","properties":{"name":"兵团一零三团","cp":[87.4075,44.5317],"childNum":0},"geometry":{"type":"Polygon","coordinates":[],"encodeOffsets":[]}},{"type":"Feature","id":"659004","properties":{"name":"兵团一零一团","cp":[87.5562,44.1752],"childNum":0},"geometry":{"type":"Polygon","coordinates":[],"encodeOffsets":[]}},{"type":"Feature","id":"659004","properties":{"name":"军垦路街道","cp":[87.5084,44.1889],"childNum":0},"geometry":{"type":"Polygon","coordinates":[],"encodeOffsets":[]}},{"type":"Feature","id":"659004","properties":{"name":"兵团一零二团","cp":[87.5925,44.2694],"childNum":0},"geometry":{"type":"Polygon","coordinates":[],"encodeOffsets":[]}},{"type":"Feature","id":"659004","properties":{"name":"人民路街道","cp":[87.5728,44.1822],"childNum":0},"geometry":{"type":"Polygon","coordinates":[],"encodeOffsets":[]}},{"type":"Feature","id":"659004","properties":{"name":"青湖路街道","cp":[87.5245,44.1764],"childNum":0},"geometry":{"type":"Polygon","coordinates":[],"encodeOffsets":[]}}],"UTF8Encoding":false}